Nr;Gebiet;gehört zu;Gewählt;Wahlberechtigte;;;;Wählende;;;;Ungültige Stimmen;;;;Gültige Stimmen;;;;Sozialdemokratische Partei Deutschlands;;;;Christlich Demokratische Union Deutschlands;;;;BÜNDNIS 90/DIE GRÜNEN;;;;Freie Demokratische Partei;;;;Alternative für Deutschland;;;;Christlich-Soziale Union in Bayern e.V.;;;;Die Linke;;;;FREIE WÄHLER;;;;PARTEI MENSCH UMWELT TIERSCHUTZ;;;;Basisdemokratische Partei Deutschland;;;;Partei für Arbeit, Rechtsstaat, Tierschutz, Elitenförderung und basisdemokratische Initiative;;;;Die Gerechtigkeitspartei – Team Todenhöfer;;;;Piratenpartei Deutschland;;;;Volt Deutschland;;;;Ökologisch-Demokratische Partei - Die Naturschutzpartei;;;;Südschleswigscher Wählerverband;;;;Partei für Verjüngungsforschung;;;;Partei der Humanisten - Fakten, Freiheit, Fortschritt;;;;Bündnis C - Christen für Deutschland;;;;Bayernpartei;;;;Marxistisch-Leninistische Partei Deutschlands;;;;Menschliche Welt - für das Wohl und Glücklichsein aller;;;;Partei des Fortschritts;;;;Sozialistische Gleichheitspartei, Vierte Internationale;;;;Bürgerrechtsbewegung Solidarität;;;;BÜNDNIS DEUTSCHLAND;;;;Bündnis Sahra Wagenknecht - Vernunft und Gerechtigkeit;;;;MERA25 - Gemeinsam für Europäische Unabhängigkeit;;;;WerteUnion;;;;Übrige;;;;
;;;;Erststimmen;;;;Erststimmen;;;;Erststimmen;;;;Erststimmen;;;;Erststimmen;;;;Erststimmen;;;;Erststimmen;;;;Erststimmen;;;;Erststimmen;;;;Erststimmen;;;;Erststimmen;;;;Erststimmen;;;;Erststimmen;;;;Erststimmen;;;;Erststimmen;;;;Erststimmen;;;;Erststimmen;;;;Erststimmen;;;;Erststimmen;;;;Erststimmen;;;;Erststimmen;;;;Erststimmen;;;;Erststimmen;;;;Erststimmen;;;;Erststimmen;;;;Erststimmen;;;;Erststimmen;;;;Erststimmen;;;;Erststimmen;;;;Erststimmen;;;;Erststimmen;;;;Erststimmen;;;;Erststimmen;;;;Erststimmen;;;;
;;;;Endgültig;;;;Endgültig;;;;Endgültig;;;;Endgültig;;;;Endgültig;;;;Endgültig;;;;Endgültig;;;;Endgültig;;;;Endgültig;;;;Endgültig;;;;Endgültig;;;;Endgültig;;;;Endgültig;;;;Endgültig;;;;Endgültig;;;;Endgültig;;;;Endgültig;;;;Endgültig;;;;Endgültig;;;;Endgültig;;;;Endgültig;;;;Endgültig;;;;Endgültig;;;;Endgültig;;;;Endgültig;;;;Endgültig;;;;Endgültig;;;;Endgültig;;;;Endgültig;;;;Endgültig;;;;Endgültig;;;;Endgültig;;;;Endgültig;;;;Endgültig;;;;
001;Flensburg – Schleswig;01;–;232131;;;;192882;;;;1097;;;;191785;;;;28376;;;;50838;;;;43298;;;;4487;;;;28827;;;;;;;;10375;;;;1547;;;;;;;;;;;;;;;;;;;;;;;;1452;;;;;;;;21468;;;;;;;;;;;;;;;;;;;;;;;;;;;;;;;;;;;;;;;;646;;;;;;;;;;;;;;;;471;;;;
002;Nordfriesland – Dithmarschen Nord;01;Christlich Demokratische Union Deutschlands;186019;;;;153755;;;;1038;;;;152717;;;;31169;;;;49866;;;;16628;;;;5750;;;;24474;;;;;;;;7920;;;;1484;;;;;;;;;;;;;;;;;;;;;;;;1172;;;;;;;;14254;;;;;;;;;;;;;;;;;;;;;;;;;;;;;;;;;;;;;;;;;;;;;;;;;;;;;;;;;;;;
003;Steinburg – Dithmarschen Süd;01;Christlich Demokratische Union Deutschlands;175948;;;;146393;;;;1146;;;;145247;;;;30702;;;;50887;;;;14449;;;;5625;;;;29674;;;;;;;;8665;;;;3111;;;;;;;;;;;;;;;;;;;;;;;;2134;;;;;;;;;;;;;;;;;;;;;;;;;;;;;;;;;;;;;;;;;;;;;;;;;;;;;;;;;;;;;;;;;;;;
004;Rendsburg-Eckernförde;01;Christlich Demokratische Union Deutschlands;202649;;;;172504;;;;1137;;;;171367;;;;36266;;;;56163;;;;20473;;;;8170;;;;26417;;;;;;;;8675;;;;1367;;;;;;;;;;;;;;;;;;;;;;;;1327;;;;;;;;11075;;;;;;;;;;;;;;;;;;;;;;;;;;;;;;;;;;;;;;;;632;;;;;;;;;;;;;;;;802;;;;
005;Kiel;01;BÜNDNIS 90/DIE GRÜNEN;201508;;;;167176;;;;980;;;;166196;;;;36690;;;;34944;;;;43281;;;;4828;;;;17811;;;;;;;;15953;;;;777;;;;;;;;;;;;2021;;;;;;;;;;;;2526;;;;;;;;7365;;;;;;;;;;;;;;;;;;;;;;;;;;;;;;;;;;;;;;;;;;;;;;;;;;;;;;;;;;;;
006;Plön – Neumünster;01;Christlich Demokratische Union Deutschlands;173740;;;;143576;;;;1863;;;;141713;;;;33977;;;;46370;;;;18852;;;;4693;;;;25249;;;;;;;;7623;;;;3022;;;;;;;;;;;;;;;;;;;;;;;;1927;;;;;;;;;;;;;;;;;;;;;;;;;;;;;;;;;;;;;;;;;;;;;;;;;;;;;;;;;;;;;;;;;;;;
007;Pinneberg;01;Christlich Demokratische Union Deutschlands;236767;;;;200304;;;;1202;;;;199102;;;;49714;;;;63232;;;;25395;;;;7675;;;;30417;;;;;;;;12683;;;;2190;;;;;;;;;;;;;;;;;;;;;;;;2423;;;;;;;;4617;;;;;;;;;;;;;;;;;;;;;;;;;;;;;;;;;;;;;;;;756;;;;;;;;;;;;;;;;;;;;
008;Segeberg – Stormarn-Mitte;01;Christlich Demokratische Union Deutschlands;249219;;;;211551;;;;1504;;;;210047;;;;51437;;;;67880;;;;24800;;;;9417;;;;36071;;;;;;;;12636;;;;3261;;;;;;;;;;;;;;;;;;;;;;;;3352;;;;;;;;;;;;;;;;;;;;;;;;;;;;;;;;;;;;;;;;;;;;;;;;1193;;;;;;;;;;;;;;;;;;;;
009;Ostholstein – Stormarn-Nord;01;Christlich Demokratische Union Deutschlands;181112;;;;150786;;;;1114;;;;149672;;;;38070;;;;52024;;;;15636;;;;5423;;;;25929;;;;;;;;8232;;;;2636;;;;;;;;;;;;;;;;;;;;;;;;1722;;;;;;;;;;;;;;;;;;;;;;;;;;;;;;;;;;;;;;;;;;;;;;;;;;;;;;;;;;;;;;;;;;;;
010;Herzogtum Lauenburg – Stormarn-Süd;01;Christlich Demokratische Union Deutschlands;245473;;;;208042;;;;1411;;;;206631;;;;48275;;;;67642;;;;29009;;;;7445;;;;35418;;;;;;;;12161;;;;3784;;;;;;;;;;;;;;;;;;;;;;;;2897;;;;;;;;;;;;;;;;;;;;;;;;;;;;;;;;;;;;;;;;;;;;;;;;;;;;;;;;;;;;;;;;;;;;
011;Lübeck;01;Sozialdemokratische Partei Deutschlands;178245;;;;142999;;;;1247;;;;141752;;;;39809;;;;33695;;;;27477;;;;4028;;;;21972;;;;;;;;10175;;;;1960;;;;;;;;;;;;;;;;;;;;;;;;2350;;;;;;;;;;;;;;;;;;;;;;;;;;;;286;;;;;;;;;;;;;;;;;;;;;;;;;;;;;;;;;;;;;;;;
01;Schleswig-Holstein;99;;2262811;;;;1889968;;;;13739;;;;1876229;;;;424485;;;;573541;;;;279298;;;;67541;;;;302259;;;;;;;;115098;;;;25139;;;;;;;;;;;;2021;;;;;;;;;;;;23282;;;;;;;;58779;;;;;;;;;;;;;;;;;;;;286;;;;;;;;;;;;;;;;;;;;3227;;;;;;;;;;;;;;;;1273;;;;
;;;;;;;;;;;;;;;;;;;;;;;;;;;;;;;;;;;;;;;;;;;;;;;;;;;;;;;;;;;;;;;;;;;;;;;;;;;;;;;;;;;;;;;;;;;;;;;;;;;;;;;;;;;;;;;;;;;;;;;;;;;;;;;;;;;;;;;;;;;;
012;Schwerin – Ludwigslust-Parchim I – Nordwestmecklenburg I;13;Alternative für Deutschland;212978;;;;171841;;;;2083;;;;169758;;;;34100;;;;35455;;;;5532;;;;4870;;;;60865;;;;;;;;21570;;;;4753;;;;;;;;;;;;;;;;;;;;;;;;;;;;;;;;;;;;;;;;;;;;;;;;;;;;661;;;;;;;;;;;;;;;;;;;;1952;;;;;;;;;;;;;;;;;;;;
013;Ludwigslust-Parchim II – Nordwestmecklenburg II – Landkreis Rostock I;13;Alternative für Deutschland;202532;;;;162855;;;;1624;;;;161231;;;;34657;;;;32832;;;;5748;;;;4422;;;;59419;;;;;;;;18099;;;;6054;;;;;;;;;;;;;;;;;;;;;;;;;;;;;;;;;;;;;;;;;;;;;;;;;;;;;;;;;;;;;;;;;;;;;;;;;;;;;;;;;;;;;;;;;;;;
014;Rostock – Landkreis Rostock II;13;–;221164;;;;179109;;;;1541;;;;177568;;;;30034;;;;34403;;;;9400;;;;5037;;;;47597;;;;;;;;45518;;;;3431;;;;;;;;;;;;;;;;;;;;;;;;;;;;;;;;;;;;;;;;;;;;;;;;;;;;623;;;;;;;;;;;;;;;;;;;;1525;;;;;;;;;;;;;;;;;;;;
015;Vorpommern-Rügen – Vorpommern-Greifswald I;13;Alternative für Deutschland;237125;;;;186435;;;;1771;;;;184664;;;;26885;;;;39237;;;;9066;;;;4814;;;;68848;;;;;;;;24633;;;;4982;;;;6199;;;;;;;;;;;;;;;;;;;;;;;;;;;;;;;;;;;;;;;;;;;;;;;;;;;;;;;;;;;;;;;;;;;;;;;;;;;;;;;;;;;;;;;;
016;Mecklenburgische Seenplatte I – Vorpommern-Greifswald II;13;Alternative für Deutschland;215874;;;;168212;;;;2136;;;;166076;;;;22871;;;;33049;;;;3782;;;;5883;;;;75078;;;;;;;;18009;;;;4768;;;;;;;;;;;;;;;;;;;;;;;;;;;;;;;;;;;;;;;;;;;;;;;;;;;;;;;;;;;;;;;;;;;;;;;;;;;;;;;;;;;;;;;;2636;;;;
017;Mecklenburgische Seenplatte II – Landkreis Rostock III;13;Alternative für Deutschland;205056;;;;160586;;;;2160;;;;158426;;;;31000;;;;30810;;;;3370;;;;4313;;;;65039;;;;;;;;16949;;;;3583;;;;;;;;;;;;;;;;;;;;;;;;;;;;;;;;;;;;;;;;;;;;;;;;;;;;;;;;;;;;;;;;;;;;;;;;3362;;;;;;;;;;;;;;;;;;;;
13;Mecklenburg-Vorpommern;99;;1294729;;;;1029038;;;;11315;;;;1017723;;;;179547;;;;205786;;;;36898;;;;29339;;;;376846;;;;;;;;144778;;;;27571;;;;6199;;;;;;;;;;;;;;;;;;;;;;;;;;;;;;;;;;;;;;;;;;;;;;;;1284;;;;;;;;;;;;;;;;;;;;6839;;;;;;;;;;;;;;;;2636;;;;
;;;;;;;;;;;;;;;;;;;;;;;;;;;;;;;;;;;;;;;;;;;;;;;;;;;;;;;;;;;;;;;;;;;;;;;;;;;;;;;;;;;;;;;;;;;;;;;;;;;;;;;;;;;;;;;;;;;;;;;;;;;;;;;;;;;;;;;;;;;;
018;Hamburg-Mitte;02;Sozialdemokratische Partei Deutschlands;243955;;;;189443;;;;1649;;;;187794;;;;51554;;;;31834;;;;40350;;;;6541;;;;19903;;;;;;;;31019;;;;1468;;;;;;;;;;;;;;;;;;;;;;;;4689;;;;;;;;;;;;;;;;;;;;;;;;;;;;436;;;;;;;;;;;;;;;;;;;;;;;;;;;;;;;;;;;;;;;;
019;Hamburg-Altona;02;BÜNDNIS 90/DIE GRÜNEN;188984;;;;158855;;;;1211;;;;157644;;;;36941;;;;33415;;;;43372;;;;5283;;;;11911;;;;;;;;25285;;;;1029;;;;;;;;;;;;;;;;;;;;;;;;;;;;;;;;;;;;;;;;;;;;;;;;;;;;408;;;;;;;;;;;;;;;;;;;;;;;;;;;;;;;;;;;;;;;;
020;Hamburg-Eimsbüttel;02;BÜNDNIS 90/DIE GRÜNEN;194730;;;;165712;;;;1120;;;;164592;;;;42765;;;;34521;;;;45674;;;;6578;;;;12752;;;;;;;;20739;;;;1563;;;;;;;;;;;;;;;;;;;;;;;;;;;;;;;;;;;;;;;;;;;;;;;;;;;;;;;;;;;;;;;;;;;;;;;;;;;;;;;;;;;;;;;;;;;;
021;Hamburg-Nord;02;Christlich Demokratische Union Deutschlands;222169;;;;190250;;;;1133;;;;189117;;;;50363;;;;53108;;;;42875;;;;7028;;;;15271;;;;;;;;14921;;;;1376;;;;;;;;;;;;;;;;;;;;;;;;4175;;;;;;;;;;;;;;;;;;;;;;;;;;;;;;;;;;;;;;;;;;;;;;;;;;;;;;;;;;;;;;;;;;;;
022;Hamburg-Wandsbek;02;Sozialdemokratische Partei Deutschlands;230501;;;;179963;;;;1678;;;;178285;;;;57629;;;;43981;;;;23211;;;;5707;;;;25894;;;;;;;;18956;;;;2458;;;;;;;;;;;;;;;;;;;;;;;;;;;;;;;;;;;;;;;;;;;;;;;;;;;;449;;;;;;;;;;;;;;;;;;;;;;;;;;;;;;;;;;;;;;;;
023;Hamburg-Bergedorf – Harburg;02;Sozialdemokratische Partei Deutschlands;218950;;;;166582;;;;1716;;;;164866;;;;53073;;;;35208;;;;19139;;;;4162;;;;28983;;;;;;;;19075;;;;1820;;;;;;;;;;;;;;;;;;;;;;;;3057;;;;;;;;;;;;;;;;;;;;;;;;;;;;349;;;;;;;;;;;;;;;;;;;;;;;;;;;;;;;;;;;;;;;;
02;Hamburg;99;;1299289;;;;1050805;;;;8507;;;;1042298;;;;292325;;;;232067;;;;214621;;;;35299;;;;114714;;;;;;;;129995;;;;9714;;;;;;;;;;;;;;;;;;;;;;;;11921;;;;;;;;;;;;;;;;;;;;;;;;;;;;1642;;;;;;;;;;;;;;;;;;;;;;;;;;;;;;;;;;;;;;;;
;;;;;;;;;;;;;;;;;;;;;;;;;;;;;;;;;;;;;;;;;;;;;;;;;;;;;;;;;;;;;;;;;;;;;;;;;;;;;;;;;;;;;;;;;;;;;;;;;;;;;;;;;;;;;;;;;;;;;;;;;;;;;;;;;;;;;;;;;;;;
024;Aurich – Emden;03;Sozialdemokratische Partei Deutschlands;189800;;;;155699;;;;1275;;;;154424;;;;63557;;;;34070;;;;7790;;;;3581;;;;31160;;;;;;;;8939;;;;;;;;4303;;;;;;;;;;;;;;;;;;;;;;;;;;;;;;;;;;;;;;;;;;;;;;;;;;;;;;;;;;;;;;;;;;;;;;;;;;;;;;;;;;;;1024;;;;
025;Unterems;03;Christlich Demokratische Union Deutschlands;237527;;;;198273;;;;1429;;;;196844;;;;44288;;;;79775;;;;13738;;;;4981;;;;40010;;;;;;;;10839;;;;3213;;;;;;;;;;;;;;;;;;;;;;;;;;;;;;;;;;;;;;;;;;;;;;;;;;;;;;;;;;;;;;;;;;;;;;;;;;;;;;;;;;;;;;;;;;;;
026;Friesland – Wilhelmshaven – Wittmund;03;Sozialdemokratische Partei Deutschlands;185864;;;;150806;;;;1157;;;;149649;;;;52918;;;;40095;;;;8630;;;;3974;;;;29533;;;;;;;;8246;;;;2535;;;;;;;;1189;;;;1508;;;;;;;;;;;;1021;;;;;;;;;;;;;;;;;;;;;;;;;;;;;;;;;;;;;;;;;;;;;;;;;;;;;;;;;;;;;;;;;;;;
027;Oldenburg – Ammerland;03;Sozialdemokratische Partei Deutschlands;229344;;;;193988;;;;1273;;;;192715;;;;66280;;;;46172;;;;28728;;;;5996;;;;25046;;;;;;;;15672;;;;2071;;;;;;;;;;;;;;;;;;;;;;;;2750;;;;;;;;;;;;;;;;;;;;;;;;;;;;;;;;;;;;;;;;;;;;;;;;;;;;;;;;;;;;;;;;;;;;
028;Delmenhorst – Wesermarsch – Oldenburg-Land;03;Christlich Demokratische Union Deutschlands;225017;;;;185056;;;;1512;;;;183544;;;;48627;;;;53762;;;;18021;;;;10208;;;;35331;;;;;;;;12645;;;;3925;;;;;;;;;;;;;;;;;;;;;;;;;;;;;;;;;;;;;;;;;;;;;;;;;;;;;;;;;;;;;;;;;;;;;;;;1025;;;;;;;;;;;;;;;;;;;;
029;Cuxhaven – Stade II;03;Christlich Demokratische Union Deutschlands;187074;;;;155165;;;;1133;;;;154032;;;;46915;;;;50395;;;;11029;;;;4167;;;;30471;;;;;;;;7968;;;;3087;;;;;;;;;;;;;;;;;;;;;;;;;;;;;;;;;;;;;;;;;;;;;;;;;;;;;;;;;;;;;;;;;;;;;;;;;;;;;;;;;;;;;;;;;;;;
030;Stade I – Rotenburg II;03;Christlich Demokratische Union Deutschlands;197893;;;;167138;;;;1218;;;;165920;;;;42400;;;;60307;;;;16205;;;;4665;;;;29891;;;;;;;;10351;;;;;;;;;;;;;;;;;;;;;;;;;;;;2101;;;;;;;;;;;;;;;;;;;;;;;;;;;;;;;;;;;;;;;;;;;;;;;;;;;;;;;;;;;;;;;;;;;;
031;Mittelems;03;Christlich Demokratische Union Deutschlands;233785;;;;199529;;;;1215;;;;198314;;;;48325;;;;86995;;;;14462;;;;6904;;;;27995;;;;;;;;10169;;;;2832;;;;;;;;;;;;;;;;;;;;;;;;;;;;;;;;;;;;;;;;;;;;;;;;;;;;;;;;;;;;;;;;;;;;;;;;632;;;;;;;;;;;;;;;;;;;;
032;Cloppenburg – Vechta;03;Christlich Demokratische Union Deutschlands;225099;;;;187176;;;;1199;;;;185977;;;;32516;;;;85241;;;;11281;;;;6135;;;;38364;;;;;;;;9485;;;;2955;;;;;;;;;;;;;;;;;;;;;;;;;;;;;;;;;;;;;;;;;;;;;;;;;;;;;;;;;;;;;;;;;;;;;;;;;;;;;;;;;;;;;;;;;;;;
033;Diepholz – Nienburg I;03;Christlich Demokratische Union Deutschlands;194011;;;;162094;;;;1119;;;;160975;;;;44317;;;;56921;;;;13005;;;;5318;;;;27351;;;;;;;;9614;;;;4449;;;;;;;;;;;;;;;;;;;;;;;;;;;;;;;;;;;;;;;;;;;;;;;;;;;;;;;;;;;;;;;;;;;;;;;;;;;;;;;;;;;;;;;;;;;;
034;Osterholz – Verden;03;Christlich Demokratische Union Deutschlands;196082;;;;166168;;;;1079;;;;165089;;;;40965;;;;59337;;;;18452;;;;4952;;;;28057;;;;;;;;11072;;;;;;;;;;;;;;;;;;;;;;;;;;;;2254;;;;;;;;;;;;;;;;;;;;;;;;;;;;;;;;;;;;;;;;;;;;;;;;;;;;;;;;;;;;;;;;;;;;
035;Rotenburg I – Heidekreis;03;Sozialdemokratische Partei Deutschlands;168109;;;;139371;;;;1113;;;;138258;;;;58183;;;;37774;;;;7411;;;;3260;;;;26671;;;;;;;;;;;;2923;;;;;;;;;;;;;;;;;;;;;;;;2036;;;;;;;;;;;;;;;;;;;;;;;;;;;;;;;;;;;;;;;;;;;;;;;;;;;;;;;;;;;;;;;;;;;;
036;Harburg;03;Christlich Demokratische Union Deutschlands;202671;;;;175135;;;;1180;;;;173955;;;;45738;;;;57718;;;;18423;;;;6047;;;;28905;;;;;;;;10310;;;;3142;;;;;;;;;;;;;;;;;;;;;;;;2625;;;;;;;;;;;;;;;;;;;;;;;;;;;;;;;;;;;;;;;;;;;;;;;;;;;;;;;;;;;;;;;;1047;;;;
037;Lüchow-Dannenberg – Lüneburg;03;Sozialdemokratische Partei Deutschlands;182679;;;;155019;;;;943;;;;154076;;;;42910;;;;40563;;;;25297;;;;3894;;;;23895;;;;;;;;10937;;;;3710;;;;;;;;1532;;;;;;;;;;;;;;;;1338;;;;;;;;;;;;;;;;;;;;;;;;;;;;;;;;;;;;;;;;;;;;;;;;;;;;;;;;;;;;;;;;;;;;
038;Osnabrück-Land;03;Christlich Demokratische Union Deutschlands;199476;;;;167747;;;;1137;;;;166610;;;;40394;;;;60952;;;;16758;;;;4914;;;;29985;;;;;;;;9516;;;;2850;;;;;;;;;;;;;;;;;;;;;;;;1241;;;;;;;;;;;;;;;;;;;;;;;;;;;;;;;;;;;;;;;;;;;;;;;;;;;;;;;;;;;;;;;;;;;;
039;Stadt Osnabrück;03;Christlich Demokratische Union Deutschlands;192267;;;;161535;;;;1016;;;;160519;;;;45259;;;;47727;;;;21954;;;;4178;;;;18266;;;;;;;;18862;;;;1843;;;;;;;;;;;;;;;;;;;;;;;;1962;;;;;;;;;;;;;;;;;;;;;;;;;;;;;;;;;;;;;;;;;;;;;;;;;;;;;;;;;;;;;;;;468;;;;
040;Nienburg II – Schaumburg;03;Sozialdemokratische Partei Deutschlands;191029;;;;157513;;;;1089;;;;156424;;;;49658;;;;44793;;;;11725;;;;4384;;;;31470;;;;;;;;8669;;;;2635;;;;;;;;;;;;1651;;;;;;;;;;;;1015;;;;;;;;;;;;;;;;;;;;;;;;;;;;;;;;;;;;;;;;;;;;;;;;;;;;;;;;;;;;;;;;424;;;;
041;Stadt Hannover I;03;Sozialdemokratische Partei Deutschlands;175419;;;;143749;;;;1066;;;;142683;;;;48667;;;;32819;;;;22397;;;;3994;;;;18719;;;;;;;;12047;;;;1081;;;;;;;;;;;;;;;;;;;;727;;;;1908;;;;;;;;;;;;;;;;;;;;;;;;;;;;324;;;;;;;;;;;;;;;;;;;;;;;;;;;;;;;;;;;;;;;;
042;Stadt Hannover II;03;Sozialdemokratische Partei Deutschlands;189782;;;;159053;;;;987;;;;158066;;;;57217;;;;28168;;;;30166;;;;3769;;;;16190;;;;;;;;18042;;;;863;;;;;;;;;;;;1382;;;;;;;;491;;;;1529;;;;;;;;;;;;;;;;;;;;;;;;;;;;249;;;;;;;;;;;;;;;;;;;;;;;;;;;;;;;;;;;;;;;;
043;Hannover-Land I;03;Christlich Demokratische Union Deutschlands;227327;;;;192232;;;;1262;;;;190970;;;;52313;;;;66485;;;;18120;;;;5102;;;;33139;;;;;;;;10431;;;;2523;;;;;;;;;;;;;;;;;;;;;;;;1846;;;;;;;;;;;;;;;;;;;;;;;;;;;;;;;;;;;;;;;;;;;;;;;;1011;;;;;;;;;;;;;;;;;;;;
044;Celle – Uelzen;03;Christlich Demokratische Union Deutschlands;212447;;;;174872;;;;1221;;;;173651;;;;40066;;;;61127;;;;16099;;;;5920;;;;34968;;;;;;;;10278;;;;3442;;;;;;;;;;;;;;;;;;;;;;;;1751;;;;;;;;;;;;;;;;;;;;;;;;;;;;;;;;;;;;;;;;;;;;;;;;;;;;;;;;;;;;;;;;;;;;
045;Gifhorn – Peine;03;Sozialdemokratische Partei Deutschlands;216950;;;;183851;;;;1205;;;;182646;;;;61983;;;;50990;;;;11761;;;;4716;;;;38897;;;;;;;;9066;;;;2664;;;;;;;;;;;;;;;;;;;;;;;;1656;;;;;;;;;;;;;;;;;;;;;;;;;;;;;;;;;;;;;;;;;;;;;;;;913;;;;;;;;;;;;;;;;;;;;
046;Hameln-Pyrmont – Holzminden;03;Sozialdemokratische Partei Deutschlands;179071;;;;145350;;;;1213;;;;144137;;;;47556;;;;41181;;;;10314;;;;4628;;;;30078;;;;;;;;7757;;;;2623;;;;;;;;;;;;;;;;;;;;;;;;;;;;;;;;;;;;;;;;;;;;;;;;;;;;;;;;;;;;;;;;;;;;;;;;;;;;;;;;;;;;;;;;;;;;
047;Hannover-Land II;03;Sozialdemokratische Partei Deutschlands;234055;;;;197778;;;;1282;;;;196496;;;;62406;;;;59010;;;;17552;;;;4926;;;;33774;;;;;;;;10888;;;;2208;;;;3346;;;;;;;;;;;;;;;;933;;;;1453;;;;;;;;;;;;;;;;;;;;;;;;;;;;;;;;;;;;;;;;;;;;;;;;;;;;;;;;;;;;;;;;;;;;
048;Hildesheim;03;Sozialdemokratische Partei Deutschlands;211156;;;;176681;;;;1304;;;;175377;;;;53926;;;;51421;;;;16511;;;;4369;;;;31963;;;;;;;;12021;;;;2120;;;;;;;;;;;;;;;;;;;;;;;;1416;;;;;;;;;;;;;;;;;;;;;;;;;;;;;;;;;;;;;;;;;;;;;;;;;;;;;;;;;;;;;;;;1630;;;;
049;Salzgitter – Wolfenbüttel;03;Sozialdemokratische Partei Deutschlands;195221;;;;159593;;;;1311;;;;158282;;;;48410;;;;44809;;;;10911;;;;3934;;;;33787;;;;;;;;11137;;;;2294;;;;;;;;1405;;;;;;;;;;;;;;;;1595;;;;;;;;;;;;;;;;;;;;;;;;;;;;;;;;;;;;;;;;;;;;;;;;;;;;;;;;;;;;;;;;;;;;
050;Braunschweig;03;Sozialdemokratische Partei Deutschlands;186358;;;;155402;;;;1130;;;;154272;;;;51553;;;;38158;;;;21984;;;;4462;;;;20472;;;;;;;;12660;;;;1671;;;;;;;;;;;;;;;;;;;;;;;;2447;;;;;;;;;;;;;;;;;;;;;;;;;;;;250;;;;;;;;;;;;;;;;;;;;;;;;;;;;;;;;;;;;615;;;;
051;Helmstedt – Wolfsburg;03;Christlich Demokratische Union Deutschlands;176276;;;;144199;;;;1262;;;;142937;;;;40859;;;;44217;;;;9909;;;;4621;;;;31590;;;;;;;;8826;;;;;;;;;;;;;;;;;;;;;;;;;;;;1892;;;;;;;;;;;;;;;;;;;;;;;;;;;;219;;;;;;;;;;;;;;;;;;;;;;;;;;;;;;;;;;;;804;;;;
052;Goslar – Northeim – Göttingen II;03;Sozialdemokratische Partei Deutschlands;191421;;;;155587;;;;1419;;;;154168;;;;46875;;;;46699;;;;11922;;;;4000;;;;30494;;;;;;;;9187;;;;2556;;;;;;;;;;;;;;;;;;;;;;;;1684;;;;;;;;;;;;;;;;;;;;;;;;;;;;;;;;;;;;;;;;;;;;;;;;751;;;;;;;;;;;;;;;;;;;;
053;Göttingen I;03;Christlich Demokratische Union Deutschlands;210202;;;;175553;;;;1348;;;;174205;;;;44623;;;;50736;;;;26771;;;;6321;;;;24753;;;;;;;;15935;;;;2217;;;;;;;;;;;;;;;;;;;;;;;;2557;;;;;;;;;;;;;;;;;;;;;;;;;;;;292;;;;;;;;;;;;;;;;;;;;;;;;;;;;;;;;;;;;;;;;
03;Niedersachsen;99;;6043412;;;;5041312;;;;36097;;;;5005215;;;;1469704;;;;1558417;;;;487326;;;;148320;;;;881225;;;;;;;;321569;;;;68432;;;;7649;;;;4126;;;;4541;;;;;;;;2151;;;;40077;;;;;;;;;;;;;;;;;;;;;;;;;;;;1334;;;;;;;;;;;;;;;;;;;;4332;;;;;;;;;;;;;;;;6012;;;;
;;;;;;;;;;;;;;;;;;;;;;;;;;;;;;;;;;;;;;;;;;;;;;;;;;;;;;;;;;;;;;;;;;;;;;;;;;;;;;;;;;;;;;;;;;;;;;;;;;;;;;;;;;;;;;;;;;;;;;;;;;;;;;;;;;;;;;;;;;;;
054;Bremen I;04;–;239863;;;;194761;;;;1634;;;;193127;;;;48663;;;;46309;;;;36571;;;;5594;;;;22752;;;;;;;;25810;;;;;;;;;;;;;;;;2227;;;;;;;;;;;;3400;;;;;;;;;;;;;;;;;;;;;;;;;;;;282;;;;;;;;;;;;;;;;;;;;800;;;;;;;;;;;;;;;;719;;;;
055;Bremen II – Bremerhaven;04;Sozialdemokratische Partei Deutschlands;210701;;;;155605;;;;1652;;;;153953;;;;46604;;;;32364;;;;16716;;;;4070;;;;29886;;;;;;;;18598;;;;1758;;;;;;;;;;;;;;;;;;;;;;;;2336;;;;;;;;;;;;;;;;;;;;;;;;;;;;454;;;;;;;;;;;;;;;;;;;;1167;;;;;;;;;;;;;;;;;;;;
04;Bremen;99;;450564;;;;350366;;;;3286;;;;347080;;;;95267;;;;78673;;;;53287;;;;9664;;;;52638;;;;;;;;44408;;;;1758;;;;;;;;;;;;2227;;;;;;;;;;;;5736;;;;;;;;;;;;;;;;;;;;;;;;;;;;736;;;;;;;;;;;;;;;;;;;;1967;;;;;;;;;;;;;;;;719;;;;
;;;;;;;;;;;;;;;;;;;;;;;;;;;;;;;;;;;;;;;;;;;;;;;;;;;;;;;;;;;;;;;;;;;;;;;;;;;;;;;;;;;;;;;;;;;;;;;;;;;;;;;;;;;;;;;;;;;;;;;;;;;;;;;;;;;;;;;;;;;;
056;Prignitz – Ostprignitz-Ruppin – Havelland I;12;Alternative für Deutschland;169648;;;;133142;;;;1418;;;;131724;;;;29296;;;;25868;;;;4033;;;;2847;;;;51213;;;;;;;;13871;;;;4596;;;;;;;;;;;;;;;;;;;;;;;;;;;;;;;;;;;;;;;;;;;;;;;;;;;;;;;;;;;;;;;;;;;;;;;;;;;;;;;;;;;;;;;;;;;;
057;Uckermark – Barnim I;12;Alternative für Deutschland;180128;;;;142115;;;;1532;;;;140583;;;;27211;;;;25664;;;;5459;;;;3322;;;;53912;;;;;;;;17198;;;;5177;;;;;;;;;;;;2640;;;;;;;;;;;;;;;;;;;;;;;;;;;;;;;;;;;;;;;;;;;;;;;;;;;;;;;;;;;;;;;;;;;;;;;;;;;;;;;;
058;Oberhavel – Havelland II;12;–;251733;;;;211139;;;;1823;;;;209316;;;;41825;;;;52000;;;;13889;;;;6039;;;;64557;;;;;;;;19832;;;;6805;;;;;;;;;;;;4369;;;;;;;;;;;;;;;;;;;;;;;;;;;;;;;;;;;;;;;;;;;;;;;;;;;;;;;;;;;;;;;;;;;;;;;;;;;;;;;;
059;Märkisch-Oderland – Barnim II;12;Alternative für Deutschland;231598;;;;193015;;;;1890;;;;191125;;;;35789;;;;34599;;;;7625;;;;4692;;;;69020;;;;;;;;25447;;;;6648;;;;;;;;;;;;3047;;;;;;;;;;;;2066;;;;;;;;;;;;;;;;;;;;;;;;;;;;;;;;;;;;;;;;;;;;;;;;2192;;;;;;;;;;;;;;;;;;;;
060;Brandenburg an der Havel – Potsdam-Mittelmark I – Havelland III – Teltow-Fläming I;12;Alternative für Deutschland;201899;;;;161157;;;;1806;;;;159351;;;;41062;;;;30938;;;;5956;;;;3717;;;;53611;;;;;;;;17349;;;;4803;;;;;;;;;;;;;;;;;;;;;;;;1915;;;;;;;;;;;;;;;;;;;;;;;;;;;;;;;;;;;;;;;;;;;;;;;;;;;;;;;;;;;;;;;;;;;;
061;Potsdam – Potsdam-Mittelmark II – Teltow-Fläming II;12;Sozialdemokratische Partei Deutschlands;234264;;;;200726;;;;1615;;;;199111;;;;43332;;;;40956;;;;31629;;;;7959;;;;37796;;;;;;;;27522;;;;3905;;;;;;;;;;;;;;;;;;;;;;;;3404;;;;;;;;;;;;;;;;;;;;;;;;;;;;;;;;;;;;;;;;;;;;;;;;1372;;;;;;;;;;;;;;;;1236;;;;
062;Dahme-Spreewald – Teltow-Fläming III;12;Alternative für Deutschland;241186;;;;200748;;;;1957;;;;198791;;;;35055;;;;47405;;;;10248;;;;4967;;;;66815;;;;;;;;22422;;;;5510;;;;;;;;;;;;3126;;;;;;;;;;;;2151;;;;;;;;;;;;;;;;;;;;;;;;;;;;;;;;;;;;;;;;;;;;;;;;;;;;;;;;;;;;;;;;1092;;;;
063;Frankfurt (Oder) – Oder-Spree;12;Alternative für Deutschland;187968;;;;149773;;;;1569;;;;148204;;;;30831;;;;27858;;;;4463;;;;3528;;;;56620;;;;;;;;16788;;;;5726;;;;;;;;;;;;;;;;;;;;;;;;;;;;;;;;;;;;;;;;;;;;;;;;;;;;;;;;;;;;;;;;;;;;;;;;;;;;;;;;;;;;;;;;2390;;;;
064;Cottbus – Spree-Neiße;12;Alternative für Deutschland;165945;;;;132378;;;;1468;;;;130910;;;;30552;;;;22712;;;;;;;;3558;;;;54980;;;;;;;;12818;;;;2882;;;;;;;;;;;;2257;;;;;;;;;;;;1151;;;;;;;;;;;;;;;;;;;;;;;;;;;;;;;;;;;;;;;;;;;;;;;;;;;;;;;;;;;;;;;;;;;;
065;Elbe-Elster – Oberspreewald-Lausitz;12;Alternative für Deutschland;169170;;;;134488;;;;1410;;;;133078;;;;22087;;;;24331;;;;2704;;;;3822;;;;57194;;;;;;;;15935;;;;7005;;;;;;;;;;;;;;;;;;;;;;;;;;;;;;;;;;;;;;;;;;;;;;;;;;;;;;;;;;;;;;;;;;;;;;;;;;;;;;;;;;;;;;;;;;;;
12;Brandenburg;99;;2033539;;;;1658681;;;;16488;;;;1642193;;;;337040;;;;332331;;;;86006;;;;44451;;;;565718;;;;;;;;189182;;;;53057;;;;;;;;;;;;15439;;;;;;;;;;;;10687;;;;;;;;;;;;;;;;;;;;;;;;;;;;;;;;;;;;;;;;;;;;;;;;3564;;;;;;;;;;;;;;;;4718;;;;
;;;;;;;;;;;;;;;;;;;;;;;;;;;;;;;;;;;;;;;;;;;;;;;;;;;;;;;;;;;;;;;;;;;;;;;;;;;;;;;;;;;;;;;;;;;;;;;;;;;;;;;;;;;;;;;;;;;;;;;;;;;;;;;;;;;;;;;;;;;;
066;Altmark – Jerichower Land;15;Alternative für Deutschland;227996;;;;178476;;;;2270;;;;176206;;;;28276;;;;38820;;;;4852;;;;6047;;;;69054;;;;;;;;22147;;;;7010;;;;;;;;;;;;;;;;;;;;;;;;;;;;;;;;;;;;;;;;;;;;;;;;;;;;;;;;;;;;;;;;;;;;;;;;;;;;;;;;;;;;;;;;;;;;
067;Börde – Salzlandkreis;15;Alternative für Deutschland;217023;;;;170433;;;;2228;;;;168205;;;;22895;;;;37609;;;;3745;;;;4608;;;;72651;;;;;;;;17753;;;;4738;;;;;;;;;;;;;;;;;;;;;;;;;;;;;;;;;;;;;;;;;;;;;;;;;;;;;;;;;;;;;;;;;;;;;;;;2365;;;;;;;;;;;;;;;;1841;;;;
068;Harz;15;Alternative für Deutschland;200219;;;;154033;;;;2012;;;;152021;;;;21243;;;;35708;;;;4958;;;;3405;;;;59302;;;;;;;;18076;;;;4379;;;;;;;;;;;;2332;;;;;;;;;;;;;;;;;;;;;;;;;;;;;;;;;;;;;;;;;;;;;;;;;;;;;;;;;;;;2618;;;;;;;;;;;;;;;;;;;;
069;Magdeburg;15;Alternative für Deutschland;222983;;;;174468;;;;2420;;;;172048;;;;29617;;;;39726;;;;10305;;;;4647;;;;55457;;;;;;;;25560;;;;3984;;;;;;;;;;;;;;;;;;;;;;;;;;;;;;;;;;;;;;;;;;;;;;;;;;;;843;;;;;;;;;;;;;;;;;;;;1909;;;;;;;;;;;;;;;;;;;;
070;Anhalt – Dessau – Wittenberg;15;Alternative für Deutschland;227853;;;;176302;;;;1984;;;;174318;;;;18255;;;;51474;;;;8426;;;;3715;;;;67245;;;;;;;;17745;;;;7458;;;;;;;;;;;;;;;;;;;;;;;;;;;;;;;;;;;;;;;;;;;;;;;;;;;;;;;;;;;;;;;;;;;;;;;;;;;;;;;;;;;;;;;;;;;;
071;Halle;15;–;224552;;;;173599;;;;2109;;;;171490;;;;30798;;;;38174;;;;9366;;;;5045;;;;52546;;;;;;;;27804;;;;2866;;;;;;;;;;;;2806;;;;;;;;;;;;;;;;;;;;;;;;;;;;;;;;;;;;;;;;496;;;;;;;;;;;;;;;;;;;;1589;;;;;;;;;;;;;;;;;;;;
072;Burgenland – Saalekreis;15;Alternative für Deutschland;203597;;;;157343;;;;1753;;;;155590;;;;15653;;;;37721;;;;3752;;;;4612;;;;69074;;;;;;;;17034;;;;6315;;;;;;;;;;;;;;;;;;;;;;;;;;;;;;;;;;;;;;;;;;;;;;;;;;;;;;;;;;;;;;;;;;;;;;;;;;;;;;;;;;;;;;;;1429;;;;
073;Mansfeld;15;Alternative für Deutschland;210496;;;;163183;;;;2517;;;;160666;;;;17214;;;;34087;;;;3195;;;;5524;;;;70305;;;;;;;;19699;;;;5613;;;;;;;;;;;;;;;;;;;;;;;;;;;;;;;;;;;;;;;;;;;;;;;;;;;;;;;;;;;;;;;;;;;;;;;;;;;;;;;;;;;;;;;;5029;;;;
15;Sachsen-Anhalt;99;;1734719;;;;1347837;;;;17293;;;;1330544;;;;183951;;;;313319;;;;48599;;;;37603;;;;515634;;;;;;;;165818;;;;42363;;;;;;;;;;;;5138;;;;;;;;;;;;;;;;;;;;;;;;;;;;;;;;;;;;;;;;1339;;;;;;;;;;;;;;;;;;;;8481;;;;;;;;;;;;;;;;8299;;;;
;;;;;;;;;;;;;;;;;;;;;;;;;;;;;;;;;;;;;;;;;;;;;;;;;;;;;;;;;;;;;;;;;;;;;;;;;;;;;;;;;;;;;;;;;;;;;;;;;;;;;;;;;;;;;;;;;;;;;;;;;;;;;;;;;;;;;;;;;;;;
074;Berlin-Mitte;11;BÜNDNIS 90/DIE GRÜNEN;207445;;;;161865;;;;1043;;;;160822;;;;26816;;;;22933;;;;40672;;;;4586;;;;13706;;;;;;;;38521;;;;471;;;;1808;;;;;;;;1485;;;;749;;;;;;;;;;;;;;;;;;;;;;;;;;;;;;;;;;;;131;;;;;;;;;;;;73;;;;;;;;201;;;;8012;;;;658;;;;;;;;;;;;
075;Berlin-Pankow;11;BÜNDNIS 90/DIE GRÜNEN;235392;;;;199072;;;;2259;;;;196813;;;;26106;;;;31918;;;;50854;;;;5407;;;;33179;;;;;;;;45010;;;;2357;;;;;;;;;;;;;;;;;;;;;;;;;;;;;;;;;;;;;;;;;;;;;;;;;;;;;;;;;;;;;;;;;;;;812;;;;1170;;;;;;;;;;;;;;;;;;;;
076;Berlin-Reinickendorf;11;Christlich Demokratische Union Deutschlands;172428;;;;134126;;;;1776;;;;132350;;;;28956;;;;40867;;;;17136;;;;4737;;;;23866;;;;;;;;15584;;;;;;;;;;;;;;;;;;;;;;;;;;;;;;;;;;;;;;;;;;;;;;;;;;;;;;;;;;;;;;;;;;;;;;;;;;;;1204;;;;;;;;;;;;;;;;;;;;
077;Berlin-Spandau – Charlottenburg Nord;11;Sozialdemokratische Partei Deutschlands;176536;;;;133309;;;;1789;;;;131520;;;;36200;;;;34305;;;;12217;;;;4283;;;;25931;;;;;;;;15044;;;;;;;;;;;;;;;;3128;;;;;;;;;;;;;;;;;;;;;;;;;;;;;;;;;;;;;;;;412;;;;;;;;;;;;;;;;;;;;;;;;;;;;;;;;;;;;;;;;
078;Berlin-Steglitz-Zehlendorf;11;Christlich Demokratische Union Deutschlands;214757;;;;181883;;;;1694;;;;180189;;;;40355;;;;55398;;;;39843;;;;7382;;;;18539;;;;;;;;15823;;;;1905;;;;;;;;;;;;;;;;;;;;;;;;;;;;;;;;;;;;;;;;;;;;;;;;;;;;;;;;;;;;;;;;;;;;;;;;944;;;;;;;;;;;;;;;;;;;;
079;Berlin-Charlottenburg-Wilmersdorf;11;Christlich Demokratische Union Deutschlands;195504;;;;162287;;;;1300;;;;160987;;;;38187;;;;42273;;;;38681;;;;7063;;;;13870;;;;;;;;17861;;;;;;;;;;;;;;;;2477;;;;;;;;;;;;;;;;;;;;;;;;;;;;;;;;;;;;;;;;;;;;;;;;;;;;;;;;;;;;575;;;;;;;;;;;;;;;;;;;;
080;Berlin-Tempelhof-Schöneberg;11;BÜNDNIS 90/DIE GRÜNEN;229238;;;;186838;;;;1820;;;;185018;;;;37934;;;;45573;;;;45639;;;;4986;;;;20626;;;;;;;;22399;;;;;;;;4467;;;;;;;;;;;;1810;;;;;;;;;;;;;;;;;;;;;;;;;;;;;;;;;;;;;;;;;;;;;;;;;;;;233;;;;532;;;;;;;;;;;;;;;;819;;;;
081;Berlin-Neukölln;11;Die Linke;192506;;;;146236;;;;1399;;;;144837;;;;27266;;;;28487;;;;16136;;;;2791;;;;18893;;;;;;;;43413;;;;831;;;;2654;;;;;;;;1335;;;;2135;;;;;;;;;;;;;;;;;;;;;;;;;;;;;;;;;;;;262;;;;;;;;;;;;;;;;;;;;506;;;;;;;;;;;;;;;;128;;;;
082;Berlin-Friedrichshain-Kreuzberg – Prenzlauer Berg Ost;11;Die Linke;218729;;;;180869;;;;1812;;;;179057;;;;23519;;;;17940;;;;54771;;;;4277;;;;13854;;;;;;;;62049;;;;;;;;;;;;;;;;;;;;;;;;;;;;;;;;;;;;;;;;;;;;;;;;;;;;;;;;;;;;;;;;;;;;;;;;;;;;934;;;;;;;;;;;;;;;;1713;;;;
083;Berlin-Treptow-Köpenick;11;Die Linke;206841;;;;169802;;;;1122;;;;168680;;;;14472;;;;23747;;;;8081;;;;2961;;;;34646;;;;;;;;70572;;;;892;;;;3235;;;;;;;;;;;;;;;;;;;;;;;;;;;;;;;;;;;;;;;;;;;;;;;;113;;;;;;;;;;;;;;;;100;;;;367;;;;9494;;;;;;;;;;;;;;;;
084;Berlin-Marzahn-Hellersdorf;11;Alternative für Deutschland;195867;;;;149493;;;;1288;;;;148205;;;;12926;;;;43262;;;;6093;;;;1871;;;;43729;;;;;;;;24895;;;;1834;;;;;;;;;;;;;;;;;;;;;;;;;;;;;;;;;;;;;;;;;;;;;;;;;;;;326;;;;;;;;;;;;;;;;;;;;515;;;;12754;;;;;;;;;;;;;;;;
085;Berlin-Lichtenberg;11;Die Linke;196799;;;;155397;;;;1237;;;;154160;;;;13926;;;;27190;;;;8108;;;;2231;;;;33707;;;;;;;;52378;;;;851;;;;3576;;;;;;;;;;;;;;;;;;;;;;;;;;;;;;;;;;;;;;;;;;;;;;;;;;;;;;;;;;;;;;;;150;;;;516;;;;11527;;;;;;;;;;;;;;;;
11;Berlin;99;;2442042;;;;1961177;;;;18539;;;;1942638;;;;326663;;;;413893;;;;338231;;;;52575;;;;294546;;;;;;;;423549;;;;9141;;;;15740;;;;;;;;8425;;;;4694;;;;;;;;;;;;;;;;;;;;;;;;;;;;;;;;;;;;1244;;;;;;;;;;;;73;;;;1295;;;;7464;;;;41787;;;;658;;;;;;;;2660;;;;
;;;;;;;;;;;;;;;;;;;;;;;;;;;;;;;;;;;;;;;;;;;;;;;;;;;;;;;;;;;;;;;;;;;;;;;;;;;;;;;;;;;;;;;;;;;;;;;;;;;;;;;;;;;;;;;;;;;;;;;;;;;;;;;;;;;;;;;;;;;;
086;Aachen I;05;Christlich Demokratische Union Deutschlands;172442;;;;143853;;;;2901;;;;140952;;;;27722;;;;45548;;;;39377;;;;5916;;;;;;;;;;;;13162;;;;3338;;;;;;;;;;;;;;;;;;;;;;;;3211;;;;;;;;;;;;;;;;;;;;;;;;;;;;;;;;;;;;;;;;;;;;;;;;2678;;;;;;;;;;;;;;;;;;;;
087;Aachen II;05;Christlich Demokratische Union Deutschlands;224835;;;;182361;;;;6363;;;;175998;;;;53747;;;;70541;;;;13269;;;;8191;;;;;;;;;;;;13330;;;;12919;;;;;;;;;;;;;;;;;;;;;;;;4001;;;;;;;;;;;;;;;;;;;;;;;;;;;;;;;;;;;;;;;;;;;;;;;;;;;;;;;;;;;;;;;;;;;;
088;Heinsberg;05;Christlich Demokratische Union Deutschlands;192359;;;;157150;;;;1595;;;;155555;;;;29813;;;;64624;;;;11797;;;;4679;;;;30784;;;;;;;;8959;;;;2804;;;;;;;;;;;;;;;;;;;;;;;;2095;;;;;;;;;;;;;;;;;;;;;;;;;;;;;;;;;;;;;;;;;;;;;;;;;;;;;;;;;;;;;;;;;;;;
089;Düren;05;Christlich Demokratische Union Deutschlands;199301;;;;164552;;;;1452;;;;163100;;;;35854;;;;64996;;;;12153;;;;4591;;;;33137;;;;;;;;9105;;;;3264;;;;;;;;;;;;;;;;;;;;;;;;;;;;;;;;;;;;;;;;;;;;;;;;;;;;;;;;;;;;;;;;;;;;;;;;;;;;;;;;;;;;;;;;;;;;
090;Rhein-Erft-Kreis I;05;Christlich Demokratische Union Deutschlands;247391;;;;207151;;;;1795;;;;205356;;;;53545;;;;71833;;;;20977;;;;7550;;;;34348;;;;;;;;13218;;;;2567;;;;;;;;;;;;;;;;;;;;;;;;;;;;;;;;;;;;;;;;;;;;;;;;;;;;;;;;;;;;;;;;;;;;;;;;1318;;;;;;;;;;;;;;;;;;;;
091;Euskirchen – Rhein-Erft-Kreis II;05;Christlich Demokratische Union Deutschlands;248663;;;;207572;;;;2052;;;;205520;;;;42466;;;;78883;;;;19549;;;;8498;;;;37837;;;;;;;;11457;;;;2885;;;;;;;;;;;;;;;;;;;;;;;;2860;;;;;;;;;;;;;;;;;;;;;;;;;;;;;;;;;;;;;;;;;;;;;;;;1085;;;;;;;;;;;;;;;;;;;;
092;Köln I;05;Sozialdemokratische Partei Deutschlands;190951;;;;153110;;;;1515;;;;151595;;;;37717;;;;37261;;;;30496;;;;4672;;;;20022;;;;;;;;16894;;;;1488;;;;;;;;;;;;;;;;;;;;;;;;2698;;;;;;;;;;;;;;;;;;;;;;;;;;;;347;;;;;;;;;;;;;;;;;;;;;;;;;;;;;;;;;;;;;;;;
093;Köln II;05;BÜNDNIS 90/DIE GRÜNEN;243912;;;;214600;;;;1213;;;;213387;;;;35124;;;;59925;;;;72858;;;;8061;;;;12775;;;;;;;;18454;;;;881;;;;;;;;;;;;;;;;;;;;;;;;4534;;;;;;;;;;;;;;;;;;;;;;;;;;;;;;;;;;;;;;;;;;;;;;;;567;;;;;;;;;;;;;;;;208;;;;
094;Köln III;05;BÜNDNIS 90/DIE GRÜNEN;206670;;;;169136;;;;1314;;;;167822;;;;43307;;;;32639;;;;43697;;;;4773;;;;19459;;;;;;;;18806;;;;1322;;;;;;;;;;;;;;;;;;;;;;;;3074;;;;;;;;;;;;;;;;;;;;;;;;;;;;;;;;;;;;745;;;;;;;;;;;;;;;;;;;;;;;;;;;;;;;;
095;Bonn;05;Christlich Demokratische Union Deutschlands;228194;;;;193699;;;;1647;;;;192052;;;;41577;;;;63973;;;;46819;;;;4737;;;;15681;;;;;;;;14776;;;;935;;;;;;;;;;;;;;;;;;;;;;;;3017;;;;;;;;;;;;;;;;;;;;;;;;;;;;;;;;;;;;537;;;;;;;;;;;;;;;;;;;;;;;;;;;;;;;;
096;Rhein-Sieg-Kreis I;05;Christlich Demokratische Union Deutschlands;238140;;;;199347;;;;1751;;;;197596;;;;44274;;;;70350;;;;22219;;;;8438;;;;34564;;;;;;;;11331;;;;3319;;;;;;;;;;;;;;;;;;;;;;;;3101;;;;;;;;;;;;;;;;;;;;;;;;;;;;;;;;;;;;;;;;;;;;;;;;;;;;;;;;;;;;;;;;;;;;
097;Rhein-Sieg-Kreis II;05;Christlich Demokratische Union Deutschlands;214269;;;;183163;;;;1428;;;;181735;;;;32287;;;;79639;;;;23157;;;;5879;;;;25832;;;;;;;;9768;;;;2139;;;;;;;;;;;;;;;;;;;;;;;;3034;;;;;;;;;;;;;;;;;;;;;;;;;;;;;;;;;;;;;;;;;;;;;;;;;;;;;;;;;;;;;;;;;;;;
098;Oberbergischer Kreis;05;Christlich Demokratische Union Deutschlands;204353;;;;169819;;;;1559;;;;168260;;;;34869;;;;62100;;;;14813;;;;5476;;;;36265;;;;;;;;10064;;;;2914;;;;;;;;;;;;;;;;;;;;;;;;1759;;;;;;;;;;;;;;;;;;;;;;;;;;;;;;;;;;;;;;;;;;;;;;;;;;;;;;;;;;;;;;;;;;;;
099;Rheinisch-Bergischer Kreis;05;Christlich Demokratische Union Deutschlands;214554;;;;184312;;;;1155;;;;183157;;;;34424;;;;77301;;;;25245;;;;9054;;;;22758;;;;;;;;9309;;;;1692;;;;;;;;;;;;;;;;;;;;;;;;2529;;;;;;;;;;;;;;;;;;;;;;;;;;;;;;;;;;;;;;;;;;;;;;;;845;;;;;;;;;;;;;;;;;;;;
100;Leverkusen – Köln IV;05;Sozialdemokratische Partei Deutschlands;206279;;;;165366;;;;1595;;;;163771;;;;53574;;;;41855;;;;18081;;;;5102;;;;25439;;;;;;;;14848;;;;1984;;;;;;;;;;;;;;;;;;;;;;;;2558;;;;;;;;;;;;;;;;;;;;;;;;;;;;330;;;;;;;;;;;;;;;;;;;;;;;;;;;;;;;;;;;;;;;;
101;Wuppertal I;05;Sozialdemokratische Partei Deutschlands;196546;;;;153114;;;;1442;;;;151672;;;;50907;;;;36841;;;;13033;;;;4563;;;;27707;;;;;;;;13852;;;;1805;;;;;;;;;;;;;;;;;;;;;;;;1913;;;;;;;;;;;;;;;;;;;;;;;;;;;;;;;;;;;;;;;;;;;;;;;;;;;;;;;;;;;;;;;;1051;;;;
102;Solingen – Remscheid – Wuppertal II;05;Christlich Demokratische Union Deutschlands;216618;;;;173656;;;;1511;;;;172145;;;;47237;;;;55860;;;;14997;;;;5555;;;;31911;;;;;;;;12886;;;;;;;;;;;;;;;;;;;;;;;;;;;;2646;;;;;;;;;;;;;;;;;;;;;;;;;;;;429;;;;;;;;;;;;;;;;;;;;;;;;;;;;;;;;;;;;624;;;;
103;Mettmann I;05;Christlich Demokratische Union Deutschlands;200860;;;;167587;;;;1365;;;;166222;;;;37459;;;;60813;;;;20705;;;;7482;;;;26187;;;;;;;;10713;;;;;;;;;;;;;;;;;;;;;;;;;;;;2863;;;;;;;;;;;;;;;;;;;;;;;;;;;;;;;;;;;;;;;;;;;;;;;;;;;;;;;;;;;;;;;;;;;;
104;Mettmann II;05;Christlich Demokratische Union Deutschlands;156872;;;;129847;;;;1221;;;;128626;;;;32169;;;;46152;;;;14237;;;;5007;;;;22097;;;;;;;;8542;;;;;;;;;;;;;;;;;;;;;;;;;;;;;;;;;;;;;;;;;;;;;;;;;;;;;;;;422;;;;;;;;;;;;;;;;;;;;;;;;;;;;;;;;;;;;;;;;
105;Düsseldorf I;05;Christlich Demokratische Union Deutschlands;224445;;;;187057;;;;1392;;;;185665;;;;39356;;;;67108;;;;32269;;;;9883;;;;18227;;;;;;;;13321;;;;1026;;;;;;;;;;;;;;;;;;;;;;;;3344;;;;;;;;;;;;;;;;;;;;;;;;;;;;292;;;;;;;;;;;;;;;;;;;;839;;;;;;;;;;;;;;;;;;;;
106;Düsseldorf II;05;Christlich Demokratische Union Deutschlands;188875;;;;151908;;;;1303;;;;150605;;;;34739;;;;43282;;;;27347;;;;6250;;;;19574;;;;;;;;14024;;;;934;;;;;;;;;;;;;;;;;;;;;;;;2641;;;;;;;;;;;;;;;;;;;;;;;;;;;;366;;;;;;;;;;;;;;;;;;;;729;;;;;;;;;;;;719;;;;;;;;
107;Neuss I;05;Christlich Demokratische Union Deutschlands;210819;;;;173161;;;;1601;;;;171560;;;;46410;;;;62250;;;;14559;;;;7267;;;;29039;;;;;;;;12035;;;;;;;;;;;;;;;;;;;;;;;;;;;;;;;;;;;;;;;;;;;;;;;;;;;;;;;;;;;;;;;;;;;;;;;;;;;;;;;;;;;;;;;;;;;;;;;;
108;Mönchengladbach;05;Christlich Demokratische Union Deutschlands;181209;;;;140063;;;;1616;;;;138447;;;;36259;;;;50331;;;;13648;;;;4555;;;;25280;;;;;;;;;;;;1478;;;;;;;;;;;;3453;;;;;;;;;;;;2167;;;;;;;;;;;;;;;;;;;;;;;;;;;;;;;;;;;;;;;;;;;;;;;;917;;;;;;;;;;;;359;;;;;;;;
109;Krefeld I – Neuss II;05;Christlich Demokratische Union Deutschlands;196586;;;;164150;;;;1470;;;;162680;;;;36512;;;;61543;;;;17840;;;;8910;;;;23769;;;;;;;;10838;;;;3268;;;;;;;;;;;;;;;;;;;;;;;;;;;;;;;;;;;;;;;;;;;;;;;;;;;;;;;;;;;;;;;;;;;;;;;;;;;;;;;;;;;;;;;;;;;;
110;Viersen;05;Christlich Demokratische Union Deutschlands;223739;;;;185834;;;;1682;;;;184152;;;;38071;;;;73676;;;;19438;;;;7317;;;;29425;;;;;;;;11337;;;;2510;;;;;;;;;;;;;;;;;;;;;;;;2378;;;;;;;;;;;;;;;;;;;;;;;;;;;;;;;;;;;;;;;;;;;;;;;;;;;;;;;;;;;;;;;;;;;;
111;Kleve;05;Christlich Demokratische Union Deutschlands;223650;;;;182375;;;;1351;;;;181024;;;;39191;;;;74631;;;;16447;;;;6098;;;;28974;;;;;;;;10755;;;;2429;;;;;;;;;;;;;;;;;;;;;;;;2499;;;;;;;;;;;;;;;;;;;;;;;;;;;;;;;;;;;;;;;;;;;;;;;;;;;;;;;;;;;;;;;;;;;;
112;Wesel I;05;Christlich Demokratische Union Deutschlands;204087;;;;170433;;;;1398;;;;169035;;;;47432;;;;58854;;;;13786;;;;6123;;;;29375;;;;;;;;10275;;;;2154;;;;;;;;;;;;;;;;;;;;;;;;;;;;;;;;;;;;;;;;;;;;;;;;;;;;;;;;;;;;;;;;;;;;;;;;1036;;;;;;;;;;;;;;;;;;;;
113;Krefeld II – Wesel II;05;Christlich Demokratische Union Deutschlands;173314;;;;140222;;;;1253;;;;138969;;;;41999;;;;44412;;;;12133;;;;4841;;;;23421;;;;;;;;8552;;;;1829;;;;;;;;;;;;;;;;;;;;;;;;1782;;;;;;;;;;;;;;;;;;;;;;;;;;;;;;;;;;;;;;;;;;;;;;;;;;;;;;;;;;;;;;;;;;;;
114;Duisburg I;05;Sozialdemokratische Partei Deutschlands;159961;;;;127170;;;;1297;;;;125873;;;;49116;;;;27748;;;;9830;;;;3081;;;;22224;;;;;;;;10805;;;;1378;;;;;;;;;;;;;;;;;;;;;;;;1389;;;;;;;;;;;;;;;;;;;;;;;;;;;;302;;;;;;;;;;;;;;;;;;;;;;;;;;;;;;;;;;;;;;;;
115;Duisburg II;05;Sozialdemokratische Partei Deutschlands;152391;;;;111847;;;;1417;;;;110430;;;;36731;;;;21791;;;;7599;;;;2394;;;;29445;;;;;;;;9976;;;;1575;;;;;;;;;;;;;;;;;;;;;;;;;;;;;;;;;;;;;;;;;;;;;;;;;;;;359;;;;;;;;;;;;;;;;;;;;;;;;;;;;;;;;;;;;560;;;;
116;Oberhausen – Wesel III;05;Sozialdemokratische Partei Deutschlands;193877;;;;155814;;;;1507;;;;154307;;;;48434;;;;41519;;;;12638;;;;4456;;;;32461;;;;;;;;12062;;;;;;;;;;;;;;;;;;;;2096;;;;;;;;;;;;;;;;;;;;;;;;;;;;;;;;;;;;641;;;;;;;;;;;;;;;;;;;;;;;;;;;;;;;;;;;;;;;;
117;Mülheim – Essen I;05;Sozialdemokratische Partei Deutschlands;177448;;;;145633;;;;1277;;;;144356;;;;47047;;;;41707;;;;13280;;;;4958;;;;25140;;;;;;;;9854;;;;2370;;;;;;;;;;;;;;;;;;;;;;;;;;;;;;;;;;;;;;;;;;;;;;;;;;;;;;;;;;;;;;;;;;;;;;;;;;;;;;;;;;;;;;;;;;;;
118;Essen II;05;Sozialdemokratische Partei Deutschlands;152295;;;;114166;;;;1243;;;;112923;;;;34227;;;;27842;;;;9316;;;;2683;;;;26058;;;;;;;;10655;;;;1681;;;;;;;;;;;;;;;;;;;;;;;;;;;;;;;;;;;;;;;;;;;;;;;;;;;;461;;;;;;;;;;;;;;;;;;;;;;;;;;;;;;;;;;;;;;;;
119;Essen III;05;Christlich Demokratische Union Deutschlands;186492;;;;157566;;;;1400;;;;156166;;;;38546;;;;55807;;;;24617;;;;4835;;;;18563;;;;;;;;11667;;;;1751;;;;;;;;;;;;;;;;;;;;;;;;;;;;;;;;;;;;;;;;;;;;;;;;;;;;380;;;;;;;;;;;;;;;;;;;;;;;;;;;;;;;;;;;;;;;;
120;Recklinghausen I;05;Sozialdemokratische Partei Deutschlands;161611;;;;129034;;;;991;;;;128043;;;;42356;;;;36875;;;;8686;;;;3278;;;;25912;;;;;;;;7544;;;;1096;;;;;;;;;;;;2074;;;;;;;;;;;;;;;;;;;;;;;;;;;;;;;;;;;;;;;;222;;;;;;;;;;;;;;;;;;;;;;;;;;;;;;;;;;;;;;;;
121;Recklinghausen II;05;Christlich Demokratische Union Deutschlands;182424;;;;147462;;;;1306;;;;146156;;;;42454;;;;46217;;;;10574;;;;3419;;;;30367;;;;;;;;8501;;;;1891;;;;;;;;;;;;;;;;;;;;;;;;;;;;;;;;;;;;;;;;;;;;;;;;;;;;357;;;;;;;;;;;;;;;;;;;;644;;;;;;;;;;;;;;;;1732;;;;
122;Gelsenkirchen;05;Sozialdemokratische Partei Deutschlands;164673;;;;122676;;;;1223;;;;121453;;;;38118;;;;28051;;;;7379;;;;4038;;;;31302;;;;;;;;10246;;;;1720;;;;;;;;;;;;;;;;;;;;;;;;;;;;;;;;;;;;;;;;;;;;;;;;;;;;599;;;;;;;;;;;;;;;;;;;;;;;;;;;;;;;;;;;;;;;;
123;Steinfurt I – Borken I;05;Christlich Demokratische Union Deutschlands;201685;;;;168635;;;;1062;;;;167573;;;;38037;;;;70066;;;;15800;;;;5775;;;;25233;;;;;;;;10029;;;;2633;;;;;;;;;;;;;;;;;;;;;;;;;;;;;;;;;;;;;;;;;;;;;;;;;;;;;;;;;;;;;;;;;;;;;;;;;;;;;;;;;;;;;;;;;;;;
124;Bottrop – Recklinghausen III;05;Christlich Demokratische Union Deutschlands;195336;;;;157959;;;;1340;;;;156619;;;;46276;;;;49625;;;;10249;;;;4185;;;;32869;;;;;;;;8927;;;;1810;;;;;;;;;;;;2426;;;;;;;;;;;;;;;;;;;;;;;;;;;;;;;;;;;;;;;;252;;;;;;;;;;;;;;;;;;;;;;;;;;;;;;;;;;;;;;;;
125;Borken II;05;Christlich Demokratische Union Deutschlands;200973;;;;172498;;;;1175;;;;171323;;;;33511;;;;82000;;;;16486;;;;5043;;;;22179;;;;;;;;8742;;;;3362;;;;;;;;;;;;;;;;;;;;;;;;;;;;;;;;;;;;;;;;;;;;;;;;;;;;;;;;;;;;;;;;;;;;;;;;;;;;;;;;;;;;;;;;;;;;
126;Coesfeld – Steinfurt II;05;Christlich Demokratische Union Deutschlands;194072;;;;169671;;;;1142;;;;168529;;;;34152;;;;76819;;;;21571;;;;5338;;;;20615;;;;;;;;7708;;;;;;;;;;;;;;;;;;;;;;;;;;;;2326;;;;;;;;;;;;;;;;;;;;;;;;;;;;;;;;;;;;;;;;;;;;;;;;;;;;;;;;;;;;;;;;;;;;
127;Steinfurt III;05;Christlich Demokratische Union Deutschlands;194178;;;;165562;;;;1094;;;;164468;;;;41397;;;;62253;;;;19383;;;;4874;;;;25484;;;;;;;;9868;;;;;;;;;;;;;;;;;;;;;;;;;;;;;;;;;;;;;;;;;;;;;;;;;;;;;;;;;;;;;;;;;;;;;;;;;;;;;;;;;;;;;;;;;;;;1209;;;;
128;Münster;05;BÜNDNIS 90/DIE GRÜNEN;237654;;;;207991;;;;1176;;;;206815;;;;42553;;;;58996;;;;64528;;;;6779;;;;13426;;;;;;;;14083;;;;;;;;;;;;;;;;2642;;;;;;;;;;;;3808;;;;;;;;;;;;;;;;;;;;;;;;;;;;;;;;;;;;;;;;;;;;;;;;;;;;;;;;;;;;;;;;;;;;
129;Warendorf;05;Christlich Demokratische Union Deutschlands;207690;;;;175926;;;;1399;;;;174527;;;;36247;;;;72720;;;;18940;;;;5119;;;;27935;;;;;;;;9798;;;;3768;;;;;;;;;;;;;;;;;;;;;;;;;;;;;;;;;;;;;;;;;;;;;;;;;;;;;;;;;;;;;;;;;;;;;;;;;;;;;;;;;;;;;;;;;;;;
130;Gütersloh I;05;Christlich Demokratische Union Deutschlands;232757;;;;192669;;;;1767;;;;190902;;;;40229;;;;79373;;;;17268;;;;5942;;;;32673;;;;;;;;10489;;;;2489;;;;;;;;;;;;;;;;;;;;;;;;1966;;;;;;;;;;;;;;;;;;;;;;;;;;;;;;;;;;;;;;;;;;;;;;;;;;;;;;;;;;;;;;;;473;;;;
131;Bielefeld – Gütersloh II;05;Sozialdemokratische Partei Deutschlands;240475;;;;196973;;;;1579;;;;195394;;;;53130;;;;50742;;;;31274;;;;5930;;;;27995;;;;;;;;19802;;;;;;;;;;;;;;;;3091;;;;1548;;;;;;;;1882;;;;;;;;;;;;;;;;;;;;;;;;;;;;;;;;;;;;;;;;;;;;;;;;;;;;;;;;;;;;;;;;;;;;
132;Herford – Minden-Lübbecke II;05;Christlich Demokratische Union Deutschlands;223060;;;;181750;;;;1655;;;;180095;;;;52576;;;;54253;;;;12899;;;;5867;;;;38341;;;;;;;;10740;;;;2222;;;;;;;;;;;;2762;;;;;;;;;;;;;;;;;;;;;;;;;;;;;;;;;;;;;;;;;;;;;;;;;;;;;;;;;;;;;;;;;;;;;;;;435;;;;;;;;
133;Minden-Lübbecke I;05;Christlich Demokratische Union Deutschlands;199147;;;;163423;;;;1731;;;;161692;;;;39931;;;;51975;;;;15008;;;;5432;;;;35399;;;;;;;;9061;;;;2975;;;;;;;;;;;;;;;;;;;;;;;;1246;;;;;;;;;;;;;;;;;;;;;;;;;;;;;;;;;;;;;;;;;;;;;;;;;;;;;;;;;;;;665;;;;;;;;
134;Lippe I;05;Christlich Demokratische Union Deutschlands;221604;;;;182679;;;;1922;;;;180757;;;;42552;;;;56640;;;;21911;;;;5474;;;;39427;;;;;;;;10896;;;;3857;;;;;;;;;;;;;;;;;;;;;;;;;;;;;;;;;;;;;;;;;;;;;;;;;;;;;;;;;;;;;;;;;;;;;;;;;;;;;;;;;;;;;;;;;;;;
135;Höxter – Gütersloh III – Lippe II;05;Christlich Demokratische Union Deutschlands;169491;;;;141885;;;;1448;;;;140437;;;;26226;;;;60581;;;;10482;;;;4391;;;;28854;;;;;;;;7421;;;;2482;;;;;;;;;;;;;;;;;;;;;;;;;;;;;;;;;;;;;;;;;;;;;;;;;;;;;;;;;;;;;;;;;;;;;;;;;;;;;;;;;;;;;;;;;;;;
136;Paderborn;05;Christlich Demokratische Union Deutschlands;231585;;;;192337;;;;1467;;;;190870;;;;29097;;;;86833;;;;20143;;;;4528;;;;34928;;;;;;;;11949;;;;;;;;;;;;;;;;3392;;;;;;;;;;;;;;;;;;;;;;;;;;;;;;;;;;;;;;;;;;;;;;;;;;;;;;;;;;;;;;;;;;;;;;;;;;;;;;;;
137;Hagen – Ennepe-Ruhr-Kreis I;05;Christlich Demokratische Union Deutschlands;195958;;;;154267;;;;1395;;;;152872;;;;39188;;;;44170;;;;12584;;;;5216;;;;32643;;;;;;;;9095;;;;1784;;;;;;;;;;;;;;;;1445;;;;;;;;;;;;;;;;;;;;;;;;;;;;;;;;;;;;232;;;;;;;;;;;;;;;;;;;;;;;;6515;;;;;;;;;;;;;;;;
138;Ennepe-Ruhr-Kreis II;05;Christlich Demokratische Union Deutschlands;170960;;;;142858;;;;1173;;;;141685;;;;42576;;;;43775;;;;14587;;;;4265;;;;23488;;;;;;;;8617;;;;1408;;;;;;;;;;;;2127;;;;;;;;;;;;;;;;;;;;;;;;;;;;;;;;;;;;;;;;257;;;;;;;;;;;;;;;;;;;;585;;;;;;;;;;;;;;;;;;;;
139;Bochum I;05;Sozialdemokratische Partei Deutschlands;200128;;;;163505;;;;1377;;;;162128;;;;53007;;;;39925;;;;22181;;;;4680;;;;22797;;;;;;;;15273;;;;;;;;;;;;;;;;2795;;;;;;;;;;;;;;;;;;;;;;;;;;;;;;;;;;;;;;;;420;;;;;;;;;;;;;;;;;;;;1050;;;;;;;;;;;;;;;;;;;;
140;Herne – Bochum II;05;Sozialdemokratische Partei Deutschlands;170434;;;;132167;;;;1486;;;;130681;;;;43832;;;;31032;;;;11111;;;;2948;;;;28088;;;;;;;;10878;;;;;;;;;;;;;;;;;;;;;;;;;;;;1267;;;;;;;;;;;;;;;;;;;;;;;;;;;;366;;;;;;;;;;;;;;;;;;;;1159;;;;;;;;;;;;;;;;;;;;
141;Dortmund I;05;Sozialdemokratische Partei Deutschlands;203655;;;;165438;;;;1351;;;;164087;;;;50260;;;;38929;;;;22994;;;;4857;;;;26057;;;;;;;;15048;;;;;;;;;;;;;;;;3053;;;;;;;;;;;;1889;;;;;;;;;;;;;;;;;;;;;;;;;;;;401;;;;;;;;;;;;;;;;;;;;;;;;;;;;;;;;;;;;599;;;;
142;Dortmund II;05;Sozialdemokratische Partei Deutschlands;195508;;;;154308;;;;1538;;;;152770;;;;49553;;;;37891;;;;15742;;;;4047;;;;28240;;;;;;;;13794;;;;;;;;;;;;;;;;3503;;;;;;;;;;;;;;;;;;;;;;;;;;;;;;;;;;;;;;;;;;;;;;;;;;;;;;;;;;;;;;;;;;;;;;;;;;;;;;;;
143;Unna I;05;Sozialdemokratische Partei Deutschlands;190464;;;;157467;;;;1408;;;;156059;;;;49685;;;;46509;;;;14059;;;;3974;;;;29070;;;;;;;;9491;;;;;;;;;;;;;;;;;;;;;;;;;;;;1948;;;;;;;;;;;;;;;;;;;;;;;;;;;;;;;;;;;;;;;;;;;;;;;;1323;;;;;;;;;;;;;;;;;;;;
144;Hamm – Unna II;05;Sozialdemokratische Partei Deutschlands;227760;;;;181924;;;;1686;;;;180238;;;;58097;;;;54186;;;;11476;;;;4786;;;;38828;;;;;;;;12865;;;;;;;;;;;;;;;;;;;;;;;;;;;;;;;;;;;;;;;;;;;;;;;;;;;;;;;;;;;;;;;;;;;;;;;;;;;;;;;;;;;;;;;;;;;;;;;;
145;Soest;05;Christlich Demokratische Union Deutschlands;229384;;;;190466;;;;1445;;;;189021;;;;42544;;;;70487;;;;18133;;;;7449;;;;36727;;;;;;;;11144;;;;2537;;;;;;;;;;;;;;;;;;;;;;;;;;;;;;;;;;;;;;;;;;;;;;;;;;;;;;;;;;;;;;;;;;;;;;;;;;;;;;;;;;;;;;;;;;;;
146;Hochsauerlandkreis;05;Christlich Demokratische Union Deutschlands;196716;;;;165006;;;;1008;;;;163998;;;;35080;;;;78259;;;;10024;;;;4120;;;;26087;;;;;;;;7655;;;;2773;;;;;;;;;;;;;;;;;;;;;;;;;;;;;;;;;;;;;;;;;;;;;;;;;;;;;;;;;;;;;;;;;;;;;;;;;;;;;;;;;;;;;;;;;;;;
147;Siegen-Wittgenstein;05;Christlich Demokratische Union Deutschlands;202346;;;;168074;;;;1282;;;;166792;;;;40824;;;;56827;;;;12486;;;;5300;;;;34138;;;;;;;;10735;;;;2344;;;;;;;;;;;;2179;;;;;;;;;;;;1288;;;;;;;;;;;;;;;;;;;;;;;;;;;;;;;;;;;;;;;;;;;;;;;;;;;;;;;;;;;;671;;;;;;;;
148;Olpe – Märkischer Kreis I;05;Christlich Demokratische Union Deutschlands;198932;;;;163294;;;;1362;;;;161932;;;;33640;;;;68241;;;;10191;;;;5650;;;;32358;;;;;;;;8231;;;;2102;;;;;;;;;;;;;;;;;;;;;;;;;;;;;;;;;;;;;;;;;;;;;;;;;;;;;;;;;;;;;;;;;;;;;;;;;;;;;;;;;;;;;;;;1519;;;;
149;Märkischer Kreis II;05;Christlich Demokratische Union Deutschlands;191152;;;;153042;;;;1242;;;;151800;;;;34522;;;;58968;;;;9878;;;;4578;;;;31658;;;;;;;;9917;;;;;;;;;;;;;;;;;;;;;;;;;;;;;;;;;;;;;;;;;;;;;;;;;;;;;;;;;;;;;;;;;;;;;;;;;;;;1318;;;;;;;;;;;;;;;;961;;;;
05;Nordrhein-Westfalen;99;;12884209;;;;10587740;;;;97311;;;;10490429;;;;2633792;;;;3566853;;;;1230253;;;;349157;;;;1720896;;;;;;;;714177;;;;113892;;;;;;;;;;;;33497;;;;5089;;;;;;;;79713;;;;;;;;;;;;;;;;;;;;;;;;;;;;7435;;;;;;;;1282;;;;;;;;;;;;16093;;;;6515;;;;;;;;2849;;;;8936;;;;
;;;;;;;;;;;;;;;;;;;;;;;;;;;;;;;;;;;;;;;;;;;;;;;;;;;;;;;;;;;;;;;;;;;;;;;;;;;;;;;;;;;;;;;;;;;;;;;;;;;;;;;;;;;;;;;;;;;;;;;;;;;;;;;;;;;;;;;;;;;;
150;Nordsachsen;14;Alternative für Deutschland;158475;;;;126905;;;;1179;;;;125726;;;;12554;;;;31398;;;;3090;;;;2684;;;;55024;;;;;;;;10502;;;;7092;;;;;;;;;;;;1523;;;;;;;;;;;;906;;;;;;;;;;;;;;;;;;;;;;;;;;;;;;;;;;;;;;;;;;;;;;;;953;;;;;;;;;;;;;;;;;;;;
151;Leipzig I;14;–;225020;;;;183932;;;;970;;;;182962;;;;21472;;;;39286;;;;13796;;;;3828;;;;45730;;;;;;;;39377;;;;2186;;;;;;;;;;;;2279;;;;;;;;;;;;1809;;;;;;;;;;;;;;;;;;;;;;;;;;;;290;;;;;;;;;;;;;;;;;;;;382;;;;11727;;;;;;;;;;;;800;;;;
152;Leipzig II;14;Die Linke;232750;;;;195980;;;;817;;;;195163;;;;16615;;;;31270;;;;19954;;;;3987;;;;36549;;;;;;;;71811;;;;2005;;;;;;;;;;;;2058;;;;;;;;;;;;;;;;;;;;;;;;;;;;407;;;;;;;;;;;;;;;;;;;;;;;;;;;;;;;;394;;;;10113;;;;;;;;;;;;;;;;
153;Leipzig-Land;14;Alternative für Deutschland;210845;;;;172244;;;;1220;;;;171024;;;;18676;;;;42046;;;;6053;;;;4395;;;;65318;;;;;;;;14944;;;;8207;;;;;;;;;;;;;;;;;;;;;;;;;;;;;;;;;;;;;;;;486;;;;;;;;;;;;;;;;;;;;;;;;;;;;;;;;;;;;10899;;;;;;;;;;;;;;;;
154;Meißen;14;Alternative für Deutschland;193052;;;;157184;;;;1486;;;;155698;;;;11413;;;;37049;;;;6529;;;;8223;;;;70572;;;;;;;;14695;;;;5610;;;;;;;;;;;;;;;;;;;;;;;;;;;;;;;;;;;;;;;;;;;;;;;;;;;;;;;;;;;;;;;;;;;;;;;;1607;;;;;;;;;;;;;;;;;;;;
155;Bautzen I;14;Alternative für Deutschland;200639;;;;161774;;;;1558;;;;160216;;;;11384;;;;38643;;;;3484;;;;4199;;;;77339;;;;;;;;15654;;;;8050;;;;;;;;;;;;;;;;;;;;;;;;;;;;;;;;;;;;;;;;;;;;;;;;;;;;;;;;;;;;;;;;;;;;;;;;1463;;;;;;;;;;;;;;;;;;;;
156;Görlitz;14;Alternative für Deutschland;196873;;;;155057;;;;1280;;;;153777;;;;9626;;;;37197;;;;4659;;;;2952;;;;75147;;;;;;;;9795;;;;3588;;;;;;;;;;;;;;;;;;;;;;;;;;;;;;;;;;;;;;;;;;;;;;;;;;;;;;;;;;;;;;;;;;;;;;;;981;;;;9832;;;;;;;;;;;;;;;;
157;Sächsische Schweiz-Osterzgebirge;14;Alternative für Deutschland;196612;;;;160372;;;;1630;;;;158742;;;;12766;;;;35961;;;;4751;;;;4478;;;;77901;;;;;;;;14523;;;;7008;;;;;;;;;;;;;;;;;;;;;;;;;;;;;;;;;;;;;;;;;;;;;;;;;;;;;;;;;;;;;;;;;;;;;;;;1354;;;;;;;;;;;;;;;;;;;;
158;Dresden I;14;Alternative für Deutschland;225103;;;;184922;;;;1857;;;;183065;;;;21457;;;;50040;;;;19899;;;;6229;;;;53853;;;;;;;;26085;;;;;;;;;;;;;;;;;;;;;;;;;;;;3482;;;;;;;;;;;;;;;;;;;;;;;;;;;;;;;;;;;;;;;;;;;;;;;;2020;;;;;;;;;;;;;;;;;;;;
159;Dresden II – Bautzen II;14;Alternative für Deutschland;233483;;;;196333;;;;1555;;;;194778;;;;18245;;;;47107;;;;22140;;;;5130;;;;58238;;;;;;;;31961;;;;3253;;;;;;;;;;;;3145;;;;;;;;;;;;3724;;;;;;;;;;;;;;;;;;;;;;;;;;;;337;;;;;;;;;;;;;;;;;;;;1498;;;;;;;;;;;;;;;;;;;;
160;Mittelsachsen;14;Alternative für Deutschland;188107;;;;148354;;;;1326;;;;147028;;;;13321;;;;39665;;;;3680;;;;4284;;;;66688;;;;;;;;13234;;;;6156;;;;;;;;;;;;;;;;;;;;;;;;;;;;;;;;;;;;;;;;;;;;;;;;;;;;;;;;;;;;;;;;;;;;;;;;;;;;;;;;;;;;;;;;;;;;
161;Chemnitz;14;Alternative für Deutschland;183295;;;;144921;;;;774;;;;144147;;;;24128;;;;30868;;;;6554;;;;3314;;;;46401;;;;;;;;14349;;;;2066;;;;;;;;;;;;1511;;;;;;;;;;;;845;;;;;;;;;;;;;;;;365;;;;;;;;;;;;;;;;;;;;;;;;;;;;;;;;556;;;;13190;;;;;;;;;;;;;;;;
162;Chemnitzer Umland – Erzgebirgskreis II;14;Alternative für Deutschland;172020;;;;140055;;;;1873;;;;138182;;;;16139;;;;38304;;;;3828;;;;4655;;;;61027;;;;;;;;14229;;;;;;;;;;;;;;;;;;;;;;;;;;;;;;;;;;;;;;;;;;;;;;;;;;;;;;;;;;;;;;;;;;;;;;;;;;;;;;;;;;;;;;;;;;;;;;;;
163;Erzgebirgskreis I;14;Alternative für Deutschland;202990;;;;164320;;;;1683;;;;162637;;;;10741;;;;40716;;;;2597;;;;3579;;;;75876;;;;;;;;11121;;;;5544;;;;;;;;;;;;;;;;;;;;;;;;;;;;;;;;;;;;;;;;;;;;;;;;;;;;;;;;;;;;;;;;;;;;;;;;;;;;10288;;;;;;;;;;;;2175;;;;
164;Zwickau;14;Alternative für Deutschland;189565;;;;150838;;;;1198;;;;149640;;;;14837;;;;35506;;;;3485;;;;4279;;;;59725;;;;;;;;11214;;;;4712;;;;;;;;;;;;1772;;;;;;;;;;;;;;;;;;;;;;;;;;;;;;;;;;;;;;;;145;;;;;;;;;;;;;;;;;;;;458;;;;13507;;;;;;;;;;;;;;;;
165;Vogtlandkreis;14;Alternative für Deutschland;177951;;;;141586;;;;1596;;;;139990;;;;13975;;;;37770;;;;4526;;;;3413;;;;60672;;;;;;;;13336;;;;6298;;;;;;;;;;;;;;;;;;;;;;;;;;;;;;;;;;;;;;;;;;;;;;;;;;;;;;;;;;;;;;;;;;;;;;;;;;;;;;;;;;;;;;;;;;;;
14;Sachsen;99;;3186780;;;;2584777;;;;22002;;;;2562775;;;;247349;;;;612826;;;;129025;;;;69629;;;;986060;;;;;;;;326830;;;;71775;;;;;;;;;;;;12288;;;;;;;;;;;;10766;;;;;;;;;;;;;;;;1258;;;;;;;;;;;;772;;;;;;;;;;;;;;;;;;;;11666;;;;79556;;;;;;;;;;;;2975;;;;
;;;;;;;;;;;;;;;;;;;;;;;;;;;;;;;;;;;;;;;;;;;;;;;;;;;;;;;;;;;;;;;;;;;;;;;;;;;;;;;;;;;;;;;;;;;;;;;;;;;;;;;;;;;;;;;;;;;;;;;;;;;;;;;;;;;;;;;;;;;;
166;Waldeck;06;Christlich Demokratische Union Deutschlands;180475;;;;150082;;;;1642;;;;148440;;;;41883;;;;46166;;;;10559;;;;4863;;;;31701;;;;;;;;8462;;;;4806;;;;;;;;;;;;;;;;;;;;;;;;;;;;;;;;;;;;;;;;;;;;;;;;;;;;;;;;;;;;;;;;;;;;;;;;;;;;;;;;;;;;;;;;;;;;
167;Kassel;06;Sozialdemokratische Partei Deutschlands;214132;;;;175165;;;;2070;;;;173095;;;;47900;;;;42004;;;;24338;;;;4735;;;;28126;;;;;;;;20203;;;;2934;;;;;;;;;;;;;;;;;;;;;;;;2489;;;;;;;;;;;;;;;;;;;;;;;;;;;;366;;;;;;;;;;;;;;;;;;;;;;;;;;;;;;;;;;;;;;;;
168;Werra-Meißner – Hersfeld-Rotenburg;06;Christlich Demokratische Union Deutschlands;167770;;;;138607;;;;1639;;;;136968;;;;38010;;;;44173;;;;7357;;;;3326;;;;30926;;;;;;;;7246;;;;3961;;;;;;;;;;;;;;;;;;;;;;;;1367;;;;;;;;;;;;;;;;;;;;;;;;;;;;;;;;;;;;;;;;;;;;;;;;;;;;;;;;;;;;;;;;602;;;;
169;Schwalm-Eder;06;–;182420;;;;153589;;;;1871;;;;151718;;;;42943;;;;45647;;;;8705;;;;4329;;;;36357;;;;;;;;7974;;;;5763;;;;;;;;;;;;;;;;;;;;;;;;;;;;;;;;;;;;;;;;;;;;;;;;;;;;;;;;;;;;;;;;;;;;;;;;;;;;;;;;;;;;;;;;;;;;
170;Marburg;06;Sozialdemokratische Partei Deutschlands;179872;;;;152353;;;;1186;;;;151167;;;;45774;;;;44014;;;;13738;;;;3481;;;;27633;;;;;;;;11452;;;;2642;;;;;;;;;;;;;;;;;;;;;;;;1496;;;;;;;;;;;;;;;;;;;;;;;;;;;;;;;;;;;;;;;;;;;;;;;;;;;;;;;;;;;;;;;;937;;;;
171;Lahn-Dill;06;Christlich Demokratische Union Deutschlands;203567;;;;166049;;;;1655;;;;164394;;;;39533;;;;56424;;;;11201;;;;4544;;;;37998;;;;;;;;8677;;;;3807;;;;;;;;;;;;;;;;;;;;;;;;2210;;;;;;;;;;;;;;;;;;;;;;;;;;;;;;;;;;;;;;;;;;;;;;;;;;;;;;;;;;;;;;;;;;;;
172;Gießen;06;Christlich Demokratische Union Deutschlands;215142;;;;178656;;;;1718;;;;176938;;;;49204;;;;53851;;;;15276;;;;4906;;;;33541;;;;;;;;12444;;;;5122;;;;;;;;;;;;;;;;;;;;;;;;2594;;;;;;;;;;;;;;;;;;;;;;;;;;;;;;;;;;;;;;;;;;;;;;;;;;;;;;;;;;;;;;;;;;;;
173;Fulda;06;Christlich Demokratische Union Deutschlands;206544;;;;174948;;;;1451;;;;173497;;;;23675;;;;75039;;;;11460;;;;5969;;;;39790;;;;;;;;7262;;;;6093;;;;;;;;;;;;1607;;;;;;;;;;;;1902;;;;;;;;;;;;;;;;;;;;;;;;;;;;;;;;;;;;;;;;;;;;;;;;700;;;;;;;;;;;;;;;;;;;;
174;Main-Kinzig – Wetterau II – Schotten;06;Christlich Demokratische Union Deutschlands;175443;;;;146914;;;;1610;;;;145304;;;;29795;;;;49611;;;;10738;;;;4755;;;;36231;;;;;;;;7064;;;;4511;;;;;;;;;;;;;;;;;;;;;;;;1722;;;;;;;;;;;;;;;;;;;;;;;;;;;;;;;;;;;;;;;;;;;;;;;;877;;;;;;;;;;;;;;;;;;;;
175;Hochtaunus;06;Christlich Demokratische Union Deutschlands;178433;;;;152705;;;;1346;;;;151359;;;;29458;;;;57261;;;;18418;;;;7275;;;;25045;;;;;;;;8108;;;;3299;;;;;;;;;;;;;;;;;;;;;;;;2495;;;;;;;;;;;;;;;;;;;;;;;;;;;;;;;;;;;;;;;;;;;;;;;;;;;;;;;;;;;;;;;;;;;;
176;Wetterau I;06;Christlich Demokratische Union Deutschlands;176870;;;;149796;;;;1441;;;;148355;;;;38192;;;;49929;;;;14407;;;;5766;;;;25930;;;;;;;;7726;;;;3830;;;;;;;;;;;;;;;;;;;;;;;;2575;;;;;;;;;;;;;;;;;;;;;;;;;;;;;;;;;;;;;;;;;;;;;;;;;;;;;;;;;;;;;;;;;;;;
177;Rheingau-Taunus – Limburg;06;Christlich Demokratische Union Deutschlands;217091;;;;182782;;;;1718;;;;181064;;;;40101;;;;66648;;;;19472;;;;7660;;;;31379;;;;;;;;9026;;;;3890;;;;;;;;;;;;;;;;;;;;;;;;2888;;;;;;;;;;;;;;;;;;;;;;;;;;;;;;;;;;;;;;;;;;;;;;;;;;;;;;;;;;;;;;;;;;;;
178;Wiesbaden;06;Christlich Demokratische Union Deutschlands;186038;;;;148215;;;;1453;;;;146762;;;;32697;;;;44997;;;;21876;;;;5944;;;;20406;;;;;;;;15408;;;;2317;;;;;;;;;;;;;;;;;;;;;;;;3117;;;;;;;;;;;;;;;;;;;;;;;;;;;;;;;;;;;;;;;;;;;;;;;;;;;;;;;;;;;;;;;;;;;;
179;Hanau;06;Christlich Demokratische Union Deutschlands;175243;;;;143429;;;;1530;;;;141899;;;;35906;;;;45346;;;;12134;;;;5177;;;;27150;;;;;;;;10745;;;;3340;;;;;;;;;;;;;;;;;;;;;;;;2101;;;;;;;;;;;;;;;;;;;;;;;;;;;;;;;;;;;;;;;;;;;;;;;;;;;;;;;;;;;;;;;;;;;;
180;Main-Taunus;06;Christlich Demokratische Union Deutschlands;193390;;;;165885;;;;1321;;;;164564;;;;29238;;;;65495;;;;23001;;;;8847;;;;21541;;;;;;;;9860;;;;2962;;;;;;;;;;;;;;;;;;;;;;;;2691;;;;;;;;;;;;;;;;;;;;;;;;;;;;;;;;;;;;;;;;;;;;;;;;929;;;;;;;;;;;;;;;;;;;;
181;Frankfurt am Main I;06;–;202372;;;;160179;;;;1547;;;;158632;;;;40832;;;;41232;;;;25756;;;;7418;;;;17067;;;;;;;;20329;;;;1465;;;;;;;;;;;;1693;;;;;;;;;;;;2517;;;;;;;;;;;;;;;;;;;;;;;;;;;;323;;;;;;;;;;;;;;;;;;;;;;;;;;;;;;;;;;;;;;;;
182;Frankfurt am Main II;06;–;230870;;;;191532;;;;1467;;;;190065;;;;35101;;;;52010;;;;50207;;;;8773;;;;17449;;;;;;;;18780;;;;1500;;;;;;;;;;;;1849;;;;;;;;;;;;3201;;;;;;;;;;;;;;;;;;;;;;;;;;;;225;;;;;;;;;;;;;;;;;;;;534;;;;;;;;;;;;;;;;436;;;;
183;Groß-Gerau;06;–;172314;;;;140680;;;;1682;;;;138998;;;;40121;;;;42181;;;;11195;;;;4667;;;;22816;;;;;;;;12390;;;;3442;;;;;;;;;;;;;;;;;;;;;;;;1896;;;;;;;;;;;;;;;;;;;;;;;;;;;;290;;;;;;;;;;;;;;;;;;;;;;;;;;;;;;;;;;;;;;;;
184;Offenbach;06;Christlich Demokratische Union Deutschlands;218352;;;;174373;;;;1846;;;;172527;;;;38384;;;;53821;;;;25416;;;;6606;;;;26300;;;;;;;;17841;;;;4159;;;;;;;;;;;;;;;;;;;;;;;;;;;;;;;;;;;;;;;;;;;;;;;;;;;;;;;;;;;;;;;;;;;;;;;;;;;;;;;;;;;;;;;;;;;;
185;Darmstadt;06;–;239490;;;;202987;;;;1726;;;;201261;;;;42398;;;;53802;;;;43629;;;;6626;;;;27391;;;;;;;;15384;;;;2038;;;;2772;;;;;;;;1855;;;;;;;;;;;;5122;;;;;;;;;;;;;;;;;;;;;;;;;;;;244;;;;;;;;;;;;;;;;;;;;;;;;;;;;;;;;;;;;;;;;
186;Odenwald;06;Christlich Demokratische Union Deutschlands;230672;;;;194831;;;;2207;;;;192624;;;;47730;;;;65470;;;;17327;;;;6825;;;;35564;;;;;;;;11704;;;;5264;;;;;;;;;;;;;;;;;;;;;;;;2740;;;;;;;;;;;;;;;;;;;;;;;;;;;;;;;;;;;;;;;;;;;;;;;;;;;;;;;;;;;;;;;;;;;;
187;Bergstraße;06;Christlich Demokratische Union Deutschlands;195419;;;;164877;;;;1676;;;;163201;;;;34219;;;;59209;;;;14917;;;;6289;;;;33328;;;;;;;;8822;;;;3650;;;;;;;;;;;;;;;;;;;;;;;;2767;;;;;;;;;;;;;;;;;;;;;;;;;;;;;;;;;;;;;;;;;;;;;;;;;;;;;;;;;;;;;;;;;;;;
06;Hessen;99;;4341919;;;;3608634;;;;35802;;;;3572832;;;;843094;;;;1154330;;;;411127;;;;128781;;;;633669;;;;;;;;256907;;;;80795;;;;2772;;;;;;;;7004;;;;;;;;;;;;47890;;;;;;;;;;;;;;;;;;;;;;;;;;;;1448;;;;;;;;;;;;;;;;;;;;3040;;;;;;;;;;;;;;;;1975;;;;
;;;;;;;;;;;;;;;;;;;;;;;;;;;;;;;;;;;;;;;;;;;;;;;;;;;;;;;;;;;;;;;;;;;;;;;;;;;;;;;;;;;;;;;;;;;;;;;;;;;;;;;;;;;;;;;;;;;;;;;;;;;;;;;;;;;;;;;;;;;;
188;Eichsfeld – Nordhausen – Kyffhäuserkreis;16;Alternative für Deutschland;206544;;;;165873;;;;1355;;;;164518;;;;14361;;;;45728;;;;3000;;;;3815;;;;65033;;;;;;;;19527;;;;;;;;;;;;;;;;;;;;;;;;;;;;;;;;;;;;;;;;;;;;;;;;;;;;;;;;342;;;;;;;;;;;;;;;;;;;;;;;;12712;;;;;;;;;;;;;;;;
189;Eisenach – Wartburgkreis – Unstrut-Hainich-Kreis;16;Alternative für Deutschland;201183;;;;159955;;;;1306;;;;158649;;;;18892;;;;35936;;;;3882;;;;2345;;;;61095;;;;;;;;16030;;;;3765;;;;;;;;;;;;;;;;;;;;;;;;;;;;;;;;;;;;;;;;;;;;;;;;;;;;338;;;;;;;;;;;;;;;;;;;;;;;;12824;;;;;;;;;;;;3542;;;;
190;Jena – Sömmerda – Weimarer Land I;16;Alternative für Deutschland;194202;;;;161207;;;;1119;;;;160088;;;;18734;;;;29661;;;;9587;;;;3655;;;;52003;;;;;;;;31247;;;;3415;;;;;;;;;;;;;;;;;;;;;;;;;;;;;;;;;;;;;;;;;;;;;;;;;;;;333;;;;;;;;;;;;;;;;;;;;;;;;11453;;;;;;;;;;;;;;;;
191;Gotha – Ilm-Kreis;16;Alternative für Deutschland;184279;;;;147985;;;;1353;;;;146632;;;;14681;;;;29345;;;;4403;;;;2998;;;;60354;;;;;;;;18753;;;;3236;;;;;;;;;;;;;;;;;;;;;;;;;;;;;;;;;;;;;;;;;;;;;;;;;;;;;;;;;;;;;;;;;;;;;;;;;;;;11660;;;;;;;;;;;;1202;;;;
192;Erfurt – Weimar – Weimarer Land II;16;Die Linke;214387;;;;175940;;;;1073;;;;174867;;;;13900;;;;28587;;;;5458;;;;3350;;;;46612;;;;;;;;64390;;;;1918;;;;;;;;;;;;;;;;;;;;;;;;;;;;;;;;;;;;;;;;;;;;;;;;;;;;353;;;;;;;;;;;;;;;;;;;;;;;;10299;;;;;;;;;;;;;;;;
193;Gera – Greiz – Altenburger Land;16;Alternative für Deutschland;220281;;;;173700;;;;1422;;;;172278;;;;18698;;;;34406;;;;3323;;;;3918;;;;77161;;;;;;;;20441;;;;3416;;;;;;;;;;;;;;;;;;;;;;;;;;;;;;;;;;;;;;;;;;;;;;;;;;;;;;;;;;;;;;;;;;;;;;;;;;;;10915;;;;;;;;;;;;;;;;
194;Saalfeld-Rudolstadt – Saale-Holzland-Kreis – Saale-Orla-Kreis;16;Alternative für Deutschland;211519;;;;172602;;;;1268;;;;171334;;;;14261;;;;35224;;;;4340;;;;3835;;;;76204;;;;;;;;21114;;;;3941;;;;;;;;;;;;;;;;;;;;;;;;;;;;;;;;;;;;;;;;;;;;;;;;;;;;;;;;;;;;;;;;;;;;;;;;;;;;12415;;;;;;;;;;;;;;;;
195;Suhl – Schmalkalden-Meiningen – Hildburghausen – Sonneberg;16;Alternative für Deutschland;220067;;;;176212;;;;1352;;;;174860;;;;18315;;;;33940;;;;2829;;;;4205;;;;73608;;;;;;;;18445;;;;6140;;;;;;;;;;;;;;;;;;;;;;;;;;;;;;;;;;;;;;;;;;;;;;;;;;;;312;;;;;;;;;;;;;;;;;;;;;;;;14697;;;;;;;;;;;;2369;;;;
16;Thüringen;99;;1652462;;;;1333474;;;;10248;;;;1323226;;;;131842;;;;272827;;;;36822;;;;28121;;;;512070;;;;;;;;209947;;;;25831;;;;;;;;;;;;;;;;;;;;;;;;;;;;;;;;;;;;;;;;;;;;;;;;;;;;1678;;;;;;;;;;;;;;;;;;;;;;;;96975;;;;;;;;;;;;7113;;;;
;;;;;;;;;;;;;;;;;;;;;;;;;;;;;;;;;;;;;;;;;;;;;;;;;;;;;;;;;;;;;;;;;;;;;;;;;;;;;;;;;;;;;;;;;;;;;;;;;;;;;;;;;;;;;;;;;;;;;;;;;;;;;;;;;;;;;;;;;;;;
196;Neuwied;07;Christlich Demokratische Union Deutschlands;236097;;;;194324;;;;1931;;;;192393;;;;42314;;;;68501;;;;11921;;;;6858;;;;40365;;;;;;;;9689;;;;4345;;;;;;;;;;;;;;;;;;;;;;;;1955;;;;;;;;;;;;;;;;;;;;;;;;;;;;;;;;;;;;;;;;;;;;;;;;;;;;6445;;;;;;;;;;;;;;;;
197;Ahrweiler;07;Christlich Demokratische Union Deutschlands;191196;;;;159650;;;;1701;;;;157949;;;;30537;;;;62011;;;;14413;;;;5283;;;;28335;;;;;;;;8220;;;;5584;;;;;;;;;;;;;;;;;;;;;;;;2015;;;;831;;;;;;;;;;;;;;;;;;;;;;;;;;;;;;;;;;;;;;;;;;;;720;;;;;;;;;;;;;;;;;;;;
198;Koblenz;07;Christlich Demokratische Union Deutschlands;189667;;;;155931;;;;1639;;;;154292;;;;37659;;;;55097;;;;15001;;;;4703;;;;24836;;;;;;;;9028;;;;5858;;;;;;;;;;;;;;;;;;;;;;;;2110;;;;;;;;;;;;;;;;;;;;;;;;;;;;;;;;;;;;;;;;;;;;;;;;;;;;;;;;;;;;;;;;;;;;
199;Mosel/Rhein-Hunsrück;07;Christlich Demokratische Union Deutschlands;168705;;;;142248;;;;2063;;;;140185;;;;27079;;;;53505;;;;10039;;;;7588;;;;27060;;;;;;;;6494;;;;6009;;;;;;;;;;;;;;;;;;;;;;;;1282;;;;1129;;;;;;;;;;;;;;;;;;;;;;;;;;;;;;;;;;;;;;;;;;;;;;;;;;;;;;;;;;;;;;;;
200;Kreuznach;07;Christlich Demokratische Union Deutschlands;179523;;;;146442;;;;1506;;;;144936;;;;38082;;;;46768;;;;7765;;;;4714;;;;30688;;;;;;;;6352;;;;4404;;;;;;;;;;;;;;;;;;;;;;;;1441;;;;;;;;;;;;;;;;;;;;;;;;;;;;;;;;;;;;;;;;;;;;;;;;;;;;4722;;;;;;;;;;;;;;;;
201;Bitburg;07;Christlich Demokratische Union Deutschlands;161542;;;;134533;;;;1558;;;;132975;;;;27098;;;;53459;;;;7362;;;;4155;;;;22265;;;;;;;;4893;;;;11825;;;;;;;;;;;;;;;;;;;;;;;;1918;;;;;;;;;;;;;;;;;;;;;;;;;;;;;;;;;;;;;;;;;;;;;;;;;;;;;;;;;;;;;;;;;;;;
202;Trier;07;–;187569;;;;156721;;;;1422;;;;155299;;;;46951;;;;47826;;;;12843;;;;6148;;;;22088;;;;;;;;7791;;;;4125;;;;;;;;;;;;;;;;;;;;;;;;1558;;;;618;;;;;;;;;;;;;;;;;;;;;;;;;;;;;;;;;;;;;;;;;;;;;;;;5351;;;;;;;;;;;;;;;;
203;Montabaur;07;Christlich Demokratische Union Deutschlands;209443;;;;174499;;;;2175;;;;172324;;;;40294;;;;61574;;;;10832;;;;5462;;;;35321;;;;;;;;8709;;;;5923;;;;4209;;;;;;;;;;;;;;;;;;;;;;;;;;;;;;;;;;;;;;;;;;;;;;;;;;;;;;;;;;;;;;;;;;;;;;;;;;;;;;;;;;;;;;;;
204;Mainz;07;–;251074;;;;214618;;;;1926;;;;212692;;;;50411;;;;57966;;;;40617;;;;8024;;;;21665;;;;;;;;19474;;;;3013;;;;;;;;;;;;1440;;;;;;;;;;;;4086;;;;1033;;;;;;;;;;;;;;;;;;;;;;;;;;;;;;;;;;;;;;;;;;;;;;;;4963;;;;;;;;;;;;;;;;
205;Worms;07;Christlich Demokratische Union Deutschlands;211986;;;;178184;;;;1929;;;;176255;;;;39042;;;;62290;;;;13996;;;;5171;;;;35866;;;;;;;;8638;;;;3857;;;;;;;;;;;;;;;;;;;;;;;;2392;;;;;;;;;;;;;;;;;;;;;;;;;;;;;;;;;;;;;;;;;;;;;;;;;;;;4401;;;;;;;;;;;;602;;;;
206;Ludwigshafen/Frankenthal;07;–;205998;;;;163099;;;;2068;;;;161031;;;;42213;;;;43627;;;;12367;;;;5737;;;;37117;;;;;;;;7794;;;;4621;;;;;;;;;;;;;;;;;;;;;;;;1481;;;;;;;;;;;;;;;;;;;;;;;;;;;;;;;;;;;;;;;;;;;;;;;;629;;;;5445;;;;;;;;;;;;;;;;
207;Neustadt – Speyer;07;Christlich Demokratische Union Deutschlands;216200;;;;182125;;;;1703;;;;180422;;;;39569;;;;62590;;;;16914;;;;5582;;;;35237;;;;;;;;7122;;;;4894;;;;;;;;;;;;;;;;;;;;;;;;2511;;;;;;;;;;;;;;;;;;;;;;;;;;;;;;;;;;;;;;;;;;;;;;;;507;;;;5496;;;;;;;;;;;;;;;;
208;Kaiserslautern;07;Sozialdemokratische Partei Deutschlands;219842;;;;179205;;;;2320;;;;176885;;;;49464;;;;42591;;;;10099;;;;5138;;;;45160;;;;;;;;7396;;;;7385;;;;;;;;;;;;;;;;;;;;;;;;1576;;;;;;;;;;;;;;;;;;;;;;;;;;;;;;;;;;;;;;;;;;;;;;;;448;;;;7628;;;;;;;;;;;;;;;;
209;Pirmasens;07;Christlich Demokratische Union Deutschlands;169645;;;;139067;;;;1840;;;;137227;;;;28474;;;;45682;;;;6112;;;;4078;;;;34424;;;;;;;;4924;;;;4632;;;;3840;;;;;;;;;;;;;;;;;;;;;;;;;;;;;;;;;;;;;;;;;;;;;;;;;;;;;;;;;;;;;;;;;;;;234;;;;4827;;;;;;;;;;;;;;;;
210;Südpfalz;07;Christlich Demokratische Union Deutschlands;215995;;;;179902;;;;1716;;;;178186;;;;34274;;;;68124;;;;13799;;;;4686;;;;35587;;;;;;;;7114;;;;4097;;;;3060;;;;;;;;;;;;;;;;;;;;2084;;;;;;;;;;;;;;;;;;;;;;;;;;;;;;;;;;;;;;;;;;;;;;;;;;;;5361;;;;;;;;;;;;;;;;
07;Rheinland-Pfalz;99;;3014482;;;;2500548;;;;27497;;;;2473051;;;;573461;;;;831611;;;;204080;;;;83327;;;;476014;;;;;;;;123638;;;;80572;;;;11109;;;;;;;;1440;;;;;;;;;;;;26409;;;;3611;;;;;;;;;;;;;;;;;;;;;;;;;;;;;;;;;;;;;;;;;;;;2538;;;;54639;;;;;;;;;;;;602;;;;
;;;;;;;;;;;;;;;;;;;;;;;;;;;;;;;;;;;;;;;;;;;;;;;;;;;;;;;;;;;;;;;;;;;;;;;;;;;;;;;;;;;;;;;;;;;;;;;;;;;;;;;;;;;;;;;;;;;;;;;;;;;;;;;;;;;;;;;;;;;;
211;Altötting;09;Christlich-Soziale Union in Bayern e.V.;168462;;;;137701;;;;734;;;;136967;;;;11870;;;;;;;;10399;;;;3994;;;;32269;;;;60164;;;;5867;;;;8637;;;;;;;;1580;;;;;;;;;;;;;;;;;;;;2187;;;;;;;;;;;;;;;;;;;;;;;;;;;;;;;;;;;;;;;;;;;;;;;;;;;;;;;;;;;;;;;;
212;Erding – Ebersberg;09;Christlich-Soziale Union in Bayern e.V.;201029;;;;175164;;;;721;;;;174443;;;;17609;;;;;;;;23383;;;;6324;;;;27275;;;;80087;;;;6856;;;;7059;;;;;;;;;;;;;;;;;;;;;;;;2012;;;;2472;;;;;;;;;;;;;;;;;;;;;;;;;;;;;;;;;;;;;;;;;;;;;;;;;;;;;;;;;;;;1366;;;;
213;Freising;09;Christlich-Soziale Union in Bayern e.V.;238829;;;;204980;;;;913;;;;204067;;;;23356;;;;;;;;25718;;;;5803;;;;36965;;;;88025;;;;8630;;;;13208;;;;;;;;2362;;;;;;;;;;;;;;;;;;;;;;;;;;;;;;;;;;;;;;;;;;;;;;;;;;;;;;;;;;;;;;;;;;;;;;;;;;;;;;;;;;;;
214;Fürstenfeldbruck;09;Christlich-Soziale Union in Bayern e.V.;230710;;;;199398;;;;799;;;;198599;;;;29795;;;;;;;;23886;;;;8748;;;;27997;;;;84651;;;;7313;;;;8829;;;;2869;;;;;;;;;;;;;;;;;;;;2541;;;;1970;;;;;;;;;;;;;;;;;;;;;;;;;;;;;;;;;;;;;;;;;;;;;;;;;;;;;;;;;;;;;;;;
215;Ingolstadt;09;Christlich-Soziale Union in Bayern e.V.;237848;;;;195987;;;;900;;;;195087;;;;21556;;;;;;;;14531;;;;3711;;;;39220;;;;91839;;;;7731;;;;9909;;;;2003;;;;;;;;1386;;;;;;;;;;;;1574;;;;1627;;;;;;;;;;;;;;;;;;;;;;;;;;;;;;;;;;;;;;;;;;;;;;;;;;;;;;;;;;;;;;;;
216;München-Nord;09;Christlich-Soziale Union in Bayern e.V.;223701;;;;185631;;;;976;;;;184655;;;;36495;;;;;;;;44708;;;;8536;;;;16684;;;;59875;;;;12123;;;;2700;;;;;;;;;;;;;;;;;;;;;;;;3010;;;;;;;;;;;;;;;;;;;;;;;;;;;;;;;;;;;;;;;;;;;;;;;;524;;;;;;;;;;;;;;;;;;;;
217;München-Ost;09;Christlich-Soziale Union in Bayern e.V.;243744;;;;205040;;;;1037;;;;204003;;;;31546;;;;;;;;49442;;;;8278;;;;18451;;;;74027;;;;12477;;;;3649;;;;;;;;;;;;2052;;;;;;;;;;;;4081;;;;;;;;;;;;;;;;;;;;;;;;;;;;;;;;;;;;;;;;;;;;;;;;;;;;;;;;;;;;;;;;;;;;
218;München-Süd;09;–;214947;;;;181255;;;;623;;;;180632;;;;26461;;;;;;;;53775;;;;7171;;;;15876;;;;54859;;;;9825;;;;2364;;;;1646;;;;;;;;1172;;;;;;;;;;;;2787;;;;;;;;;;;;;;;;;;;;;;;;;;;;103;;;;;;;;;;;;;;;;;;;;;;;;4593;;;;;;;;;;;;;;;;
219;München-West/Mitte;09;Christlich-Soziale Union in Bayern e.V.;246574;;;;210862;;;;2726;;;;208136;;;;33018;;;;;;;;60243;;;;10329;;;;;;;;72200;;;;12683;;;;6366;;;;3681;;;;;;;;2248;;;;;;;;;;;;4401;;;;;;;;;;;;;;;;;;;;;;;;;;;;;;;;;;;;;;;;;;;;;;;;1675;;;;;;;;;;;;;;;;1292;;;;
220;München-Land;09;Christlich-Soziale Union in Bayern e.V.;234884;;;;205548;;;;779;;;;204769;;;;27306;;;;;;;;40045;;;;8786;;;;22924;;;;88204;;;;8428;;;;6071;;;;3005;;;;;;;;;;;;;;;;;;;;;;;;;;;;;;;;;;;;;;;;;;;;;;;;;;;;;;;;;;;;;;;;;;;;;;;;;;;;;;;;;;;;;;;;
221;Rosenheim;09;Christlich-Soziale Union in Bayern e.V.;238910;;;;201583;;;;894;;;;200689;;;;17916;;;;;;;;25196;;;;5724;;;;36813;;;;82023;;;;9152;;;;16037;;;;2711;;;;2341;;;;;;;;;;;;;;;;1893;;;;;;;;;;;;;;;;350;;;;;;;;;;;;;;;;;;;;;;;;;;;;;;;;533;;;;;;;;;;;;;;;;;;;;
222;Bad Tölz-Wolfratshausen – Miesbach;09;Christlich-Soziale Union in Bayern e.V.;165895;;;;141799;;;;653;;;;141146;;;;10901;;;;;;;;20820;;;;4754;;;;23291;;;;65481;;;;4694;;;;7226;;;;;;;;;;;;;;;;;;;;;;;;1107;;;;1270;;;;;;;;;;;;;;;;;;;;1602;;;;;;;;;;;;;;;;;;;;;;;;;;;;;;;;;;;;;;;;;;;;
223;Starnberg – Landsberg am Lech;09;Christlich-Soziale Union in Bayern e.V.;215624;;;;188310;;;;764;;;;187546;;;;24177;;;;;;;;31311;;;;6665;;;;24187;;;;80441;;;;6449;;;;6051;;;;2430;;;;1520;;;;1499;;;;;;;;;;;;2118;;;;;;;;;;;;;;;;;;;;;;;;698;;;;;;;;;;;;;;;;;;;;;;;;;;;;;;;;;;;;;;;;;;;;
224;Traunstein;09;Christlich-Soziale Union in Bayern e.V.;209020;;;;172572;;;;822;;;;171750;;;;20845;;;;;;;;14985;;;;3270;;;;30994;;;;80507;;;;6884;;;;10690;;;;;;;;1796;;;;;;;;;;;;;;;;;;;;1779;;;;;;;;;;;;;;;;;;;;;;;;;;;;;;;;;;;;;;;;;;;;;;;;;;;;;;;;;;;;;;;;
225;Weilheim;09;Christlich-Soziale Union in Bayern e.V.;168111;;;;143698;;;;782;;;;142916;;;;13489;;;;;;;;18128;;;;6356;;;;22169;;;;65409;;;;5698;;;;7936;;;;;;;;;;;;;;;;;;;;;;;;1400;;;;2331;;;;;;;;;;;;;;;;;;;;;;;;;;;;;;;;;;;;;;;;;;;;;;;;;;;;;;;;;;;;;;;;
226;Deggendorf;09;Christlich-Soziale Union in Bayern e.V.;165283;;;;135485;;;;675;;;;134810;;;;12156;;;;;;;;6354;;;;5188;;;;36406;;;;58347;;;;3070;;;;11370;;;;;;;;;;;;;;;;;;;;;;;;820;;;;;;;;;;;;;;;;;;;;;;;;1099;;;;;;;;;;;;;;;;;;;;;;;;;;;;;;;;;;;;;;;;;;;;
227;Landshut;09;Christlich-Soziale Union in Bayern e.V.;247907;;;;208132;;;;828;;;;207304;;;;18800;;;;;;;;17125;;;;6437;;;;42123;;;;70986;;;;7562;;;;38342;;;;2093;;;;;;;;;;;;;;;;;;;;1072;;;;1892;;;;;;;;;;;;;;;;;;;;872;;;;;;;;;;;;;;;;;;;;;;;;;;;;;;;;;;;;;;;;;;;;
228;Passau;09;Christlich-Soziale Union in Bayern e.V.;176118;;;;144115;;;;595;;;;143520;;;;20121;;;;;;;;7425;;;;3072;;;;33776;;;;58538;;;;4161;;;;9198;;;;;;;;;;;;;;;;;;;;;;;;799;;;;2626;;;;;;;;;;;;;;;;;;;;;;;;;;;;;;;;;;;;;;;;;;;;;;;;3804;;;;;;;;;;;;;;;;
229;Rottal-Inn;09;Christlich-Soziale Union in Bayern e.V.;172941;;;;142709;;;;639;;;;142070;;;;9947;;;;;;;;7688;;;;2625;;;;32885;;;;49582;;;;4167;;;;32668;;;;;;;;;;;;;;;;;;;;;;;;897;;;;1611;;;;;;;;;;;;;;;;;;;;;;;;;;;;;;;;;;;;;;;;;;;;;;;;;;;;;;;;;;;;;;;;
230;Straubing;09;Christlich-Soziale Union in Bayern e.V.;172522;;;;141540;;;;597;;;;140943;;;;11132;;;;;;;;7241;;;;2715;;;;36673;;;;65291;;;;4394;;;;11139;;;;;;;;;;;;;;;;;;;;;;;;;;;;1877;;;;;;;;;;;;;;;;;;;;;;;;;;;;;;;;;;;;;;;;;;;;481;;;;;;;;;;;;;;;;;;;;
231;Amberg;09;Christlich-Soziale Union in Bayern e.V.;214379;;;;181941;;;;808;;;;181133;;;;19705;;;;;;;;12177;;;;4698;;;;38359;;;;80626;;;;7316;;;;12883;;;;;;;;1607;;;;;;;;;;;;;;;;1402;;;;1748;;;;;;;;;;;;;;;;;;;;;;;;;;;;;;;;;;;;;;;;;;;;612;;;;;;;;;;;;;;;;;;;;
232;Regensburg;09;Christlich-Soziale Union in Bayern e.V.;250984;;;;212696;;;;729;;;;211967;;;;27626;;;;;;;;27741;;;;5229;;;;37964;;;;81105;;;;9736;;;;11214;;;;2051;;;;;;;;;;;;;;;;;;;;2172;;;;1655;;;;;;;;;;;;;;;;;;;;;;;;;;;;;;;;;;;;;;;;;;;;323;;;;5151;;;;;;;;;;;;;;;;
233;Schwandorf;09;Christlich-Soziale Union in Bayern e.V.;220950;;;;185033;;;;883;;;;184150;;;;25534;;;;;;;;7516;;;;3432;;;;49695;;;;77717;;;;4914;;;;13591;;;;;;;;;;;;;;;;;;;;;;;;;;;;1231;;;;;;;;;;;;;;;;;;;;;;;;;;;;;;;;;;;;;;;;;;;;520;;;;;;;;;;;;;;;;;;;;
234;Weiden;09;Christlich-Soziale Union in Bayern e.V.;162689;;;;136787;;;;641;;;;136146;;;;16294;;;;;;;;6624;;;;4126;;;;31352;;;;59268;;;;5591;;;;9673;;;;;;;;;;;;;;;;;;;;;;;;;;;;787;;;;;;;;;;;;;;;;;;;;;;;;;;;;;;;;;;;;;;;;;;;;;;;;;;;;;;;;;;;;2431;;;;
235;Bamberg;09;Christlich-Soziale Union in Bayern e.V.;181281;;;;155529;;;;661;;;;154868;;;;22569;;;;;;;;20762;;;;4709;;;;28891;;;;61044;;;;7914;;;;6174;;;;;;;;;;;;;;;;;;;;;;;;1797;;;;1008;;;;;;;;;;;;;;;;;;;;;;;;;;;;;;;;;;;;;;;;;;;;;;;;;;;;;;;;;;;;;;;;
236;Bayreuth;09;Christlich-Soziale Union in Bayern e.V.;159361;;;;134067;;;;602;;;;133465;;;;19031;;;;;;;;10999;;;;3680;;;;25144;;;;59366;;;;6117;;;;6741;;;;;;;;990;;;;;;;;;;;;;;;;1397;;;;;;;;;;;;;;;;;;;;;;;;;;;;;;;;;;;;;;;;;;;;;;;;;;;;;;;;;;;;;;;;;;;;
237;Coburg;09;Christlich-Soziale Union in Bayern e.V.;153429;;;;128769;;;;592;;;;128177;;;;18425;;;;;;;;10943;;;;2490;;;;26822;;;;53725;;;;5019;;;;6944;;;;;;;;;;;;;;;;;;;;;;;;;;;;963;;;;;;;;;;;;;;;;;;;;;;;;;;;;;;;;;;;;;;;;;;;;;;;;2846;;;;;;;;;;;;;;;;
238;Hof;09;Christlich-Soziale Union in Bayern e.V.;157915;;;;129424;;;;762;;;;128662;;;;22966;;;;;;;;6391;;;;3160;;;;30614;;;;51926;;;;5789;;;;6181;;;;;;;;;;;;;;;;;;;;;;;;997;;;;;;;;;;;;;;;;;;;;;;;;;;;;;;;;;;;;;;;;;;;;;;;;638;;;;;;;;;;;;;;;;;;;;
239;Kulmbach;09;Christlich-Soziale Union in Bayern e.V.;165464;;;;141525;;;;760;;;;140765;;;;13210;;;;;;;;9233;;;;2838;;;;30698;;;;69446;;;;5361;;;;8742;;;;;;;;;;;;;;;;;;;;;;;;1237;;;;;;;;;;;;;;;;;;;;;;;;;;;;;;;;;;;;;;;;;;;;;;;;;;;;;;;;;;;;;;;;;;;;
240;Ansbach;09;Christlich-Soziale Union in Bayern e.V.;241618;;;;203824;;;;1008;;;;202816;;;;26718;;;;;;;;18248;;;;5276;;;;43100;;;;84723;;;;9434;;;;10960;;;;;;;;;;;;;;;;;;;;;;;;2106;;;;2251;;;;;;;;;;;;;;;;;;;;;;;;;;;;;;;;;;;;;;;;;;;;;;;;;;;;;;;;;;;;;;;;
241;Erlangen;09;Christlich-Soziale Union in Bayern e.V.;186938;;;;162264;;;;844;;;;161420;;;;28003;;;;;;;;29337;;;;4761;;;;22637;;;;57971;;;;9115;;;;7023;;;;;;;;;;;;;;;;;;;;;;;;2573;;;;;;;;;;;;;;;;;;;;;;;;;;;;;;;;;;;;;;;;;;;;;;;;;;;;;;;;;;;;;;;;;;;;
242;Fürth;09;Christlich-Soziale Union in Bayern e.V.;248612;;;;208200;;;;1067;;;;207133;;;;36983;;;;;;;;22502;;;;6095;;;;38344;;;;77512;;;;12638;;;;8042;;;;;;;;;;;;;;;;;;;;;;;;2280;;;;2737;;;;;;;;;;;;;;;;;;;;;;;;;;;;;;;;;;;;;;;;;;;;;;;;;;;;;;;;;;;;;;;;
243;Nürnberg-Nord;09;–;187179;;;;151372;;;;878;;;;150494;;;;26738;;;;;;;;32432;;;;4976;;;;18093;;;;45424;;;;14697;;;;2963;;;;;;;;;;;;1598;;;;;;;;;;;;2243;;;;984;;;;;;;;;;;;;;;;;;;;;;;;346;;;;;;;;;;;;;;;;;;;;;;;;;;;;;;;;;;;;;;;;
244;Nürnberg-Süd;09;Christlich-Soziale Union in Bayern e.V.;174758;;;;136860;;;;1006;;;;135854;;;;24213;;;;;;;;14730;;;;3556;;;;27128;;;;48913;;;;10821;;;;3662;;;;;;;;;;;;;;;;;;;;;;;;1865;;;;966;;;;;;;;;;;;;;;;;;;;;;;;;;;;;;;;;;;;;;;;;;;;;;;;;;;;;;;;;;;;;;;;
245;Roth;09;Christlich-Soziale Union in Bayern e.V.;227696;;;;197152;;;;947;;;;196205;;;;25561;;;;;;;;24181;;;;5525;;;;33199;;;;84151;;;;9951;;;;8872;;;;;;;;;;;;;;;;;;;;;;;;1884;;;;1397;;;;;;;;;;;;;;;;;;;;;;;;;;;;;;;;;;;;;;;;;;;;654;;;;;;;;;;;;;;;;830;;;;
246;Aschaffenburg;09;Christlich-Soziale Union in Bayern e.V.;181144;;;;155293;;;;956;;;;154337;;;;19006;;;;;;;;18230;;;;5169;;;;28438;;;;67597;;;;7334;;;;4314;;;;;;;;;;;;;;;;;;;;;;;;1650;;;;1078;;;;;;;;;;;;;;;;;;;;571;;;;;;;;;;;;;;;;;;;;;;;;423;;;;;;;;;;;;;;;;527;;;;
247;Bad Kissingen;09;Christlich-Soziale Union in Bayern e.V.;210364;;;;180527;;;;7608;;;;172919;;;;25127;;;;;;;;10615;;;;8444;;;;;;;;87357;;;;9957;;;;22323;;;;;;;;;;;;;;;;;;;;;;;;;;;;2216;;;;;;;;;;;;;;;;;;;;;;;;;;;;;;;;;;;;;;;;;;;;6880;;;;;;;;;;;;;;;;;;;;
248;Main-Spessart;09;Christlich-Soziale Union in Bayern e.V.;192185;;;;165463;;;;924;;;;164539;;;;25806;;;;;;;;13740;;;;3802;;;;29752;;;;74896;;;;6784;;;;8328;;;;;;;;;;;;;;;;;;;;;;;;;;;;1431;;;;;;;;;;;;;;;;;;;;;;;;;;;;;;;;;;;;;;;;;;;;;;;;;;;;;;;;;;;;;;;;
249;Schweinfurt;09;Christlich-Soziale Union in Bayern e.V.;194125;;;;163446;;;;949;;;;162497;;;;21834;;;;;;;;12894;;;;3992;;;;33832;;;;70455;;;;7606;;;;7823;;;;;;;;;;;;;;;;;;;;;;;;1559;;;;1383;;;;;;;;;;;;;;;;;;;;921;;;;198;;;;;;;;;;;;;;;;;;;;;;;;;;;;;;;;;;;;;;;;
250;Würzburg;09;Christlich-Soziale Union in Bayern e.V.;222633;;;;192406;;;;990;;;;191416;;;;26349;;;;;;;;36587;;;;8012;;;;24817;;;;74917;;;;9766;;;;5704;;;;;;;;2083;;;;;;;;;;;;;;;;3181;;;;;;;;;;;;;;;;;;;;;;;;;;;;;;;;;;;;;;;;;;;;;;;;;;;;;;;;;;;;;;;;;;;;
251;Augsburg-Stadt;09;–;186448;;;;148097;;;;798;;;;147299;;;;20701;;;;;;;;30320;;;;4139;;;;25488;;;;45742;;;;10966;;;;5463;;;;;;;;1434;;;;;;;;;;;;;;;;1725;;;;1078;;;;;;;;;;;;;;;;;;;;;;;;243;;;;;;;;;;;;;;;;;;;;;;;;;;;;;;;;;;;;;;;;
252;Augsburg-Land;09;Christlich-Soziale Union in Bayern e.V.;232095;;;;199564;;;;948;;;;198616;;;;25217;;;;;;;;18278;;;;5509;;;;37563;;;;88388;;;;7842;;;;10256;;;;;;;;1969;;;;;;;;;;;;;;;;1477;;;;2117;;;;;;;;;;;;;;;;;;;;;;;;;;;;;;;;;;;;;;;;;;;;;;;;;;;;;;;;;;;;;;;;
253;Donau-Ries;09;Christlich-Soziale Union in Bayern e.V.;192393;;;;163283;;;;639;;;;162644;;;;19720;;;;;;;;9398;;;;3895;;;;34916;;;;73296;;;;5536;;;;9972;;;;;;;;1411;;;;;;;;;;;;;;;;;;;;965;;;;;;;;;;;;;;;;;;;;;;;;;;;;;;;;;;;;;;;;;;;;;;;;3535;;;;;;;;;;;;;;;;
254;Neu-Ulm;09;Christlich-Soziale Union in Bayern e.V.;215191;;;;178435;;;;1043;;;;177392;;;;18762;;;;;;;;14869;;;;5121;;;;41999;;;;75359;;;;8006;;;;6162;;;;3014;;;;1422;;;;;;;;;;;;;;;;1755;;;;;;;;;;;;;;;;263;;;;;;;;;;;;;;;;;;;;;;;;;;;;;;;;660;;;;;;;;;;;;;;;;;;;;
255;Memmingen – Unterallgäu;09;Christlich-Soziale Union in Bayern e.V.;159653;;;;134558;;;;957;;;;133601;;;;12674;;;;;;;;10821;;;;3938;;;;30371;;;;58479;;;;6212;;;;11106;;;;;;;;;;;;;;;;;;;;;;;;;;;;;;;;;;;;;;;;;;;;;;;;;;;;;;;;;;;;;;;;;;;;;;;;;;;;;;;;;;;;;;;;;;;;
256;Oberallgäu;09;Christlich-Soziale Union in Bayern e.V.;228068;;;;191695;;;;987;;;;190708;;;;16065;;;;;;;;23668;;;;8113;;;;31804;;;;70226;;;;7461;;;;16475;;;;2978;;;;;;;;;;;;;;;;;;;;2205;;;;1560;;;;;;;;;;;;;;;;;;;;;;;;;;;;;;;;;;;;;;;;;;;;;;;;;;;;;;;;;;;;10153;;;;
257;Ostallgäu;09;Christlich-Soziale Union in Bayern e.V.;161048;;;;136838;;;;913;;;;135925;;;;13508;;;;;;;;14096;;;;3529;;;;26633;;;;61899;;;;6102;;;;10158;;;;;;;;;;;;;;;;;;;;;;;;;;;;;;;;;;;;;;;;;;;;;;;;;;;;;;;;;;;;;;;;;;;;;;;;;;;;;;;;;;;;;;;;;;;;
09;Bayern;99;;9481659;;;;7996557;;;;47357;;;;7949200;;;;1016841;;;;;;;;969735;;;;246700;;;;1384631;;;;3272064;;;;366149;;;;461198;;;;28481;;;;20515;;;;9955;;;;;;;;;;;;66017;;;;49197;;;;;;;;;;;;613;;;;;;;;5763;;;;890;;;;;;;;;;;;;;;;;;;;13923;;;;19929;;;;;;;;;;;;16599;;;;
;;;;;;;;;;;;;;;;;;;;;;;;;;;;;;;;;;;;;;;;;;;;;;;;;;;;;;;;;;;;;;;;;;;;;;;;;;;;;;;;;;;;;;;;;;;;;;;;;;;;;;;;;;;;;;;;;;;;;;;;;;;;;;;;;;;;;;;;;;;;
258;Stuttgart I;08;BÜNDNIS 90/DIE GRÜNEN;188918;;;;162105;;;;910;;;;161195;;;;25231;;;;45662;;;;45667;;;;9327;;;;13843;;;;;;;;14203;;;;1981;;;;;;;;;;;;1572;;;;;;;;;;;;3426;;;;;;;;;;;;;;;;;;;;;;;;;;;;283;;;;;;;;;;;;;;;;;;;;;;;;;;;;;;;;;;;;;;;;
259;Stuttgart II;08;–;174909;;;;139575;;;;1072;;;;138503;;;;22057;;;;42061;;;;29438;;;;5789;;;;20166;;;;;;;;12414;;;;1790;;;;;;;;;;;;1657;;;;;;;;;;;;2200;;;;;;;;;;;;;;;;;;;;;;;;;;;;344;;;;;;;;;;;;;;;;;;;;;;;;;;;;;;;;;;;;587;;;;
260;Böblingen;08;Christlich Demokratische Union Deutschlands;243100;;;;204946;;;;1364;;;;203582;;;;34198;;;;76033;;;;27409;;;;12438;;;;34826;;;;;;;;9936;;;;6046;;;;;;;;;;;;;;;;;;;;;;;;1826;;;;;;;;;;;;;;;;;;;;;;;;;;;;280;;;;;;;;;;;;;;;;;;;;;;;;;;;;;;;;;;;;590;;;;
261;Esslingen;08;Christlich Demokratische Union Deutschlands;165367;;;;139386;;;;778;;;;138608;;;;22446;;;;51329;;;;21500;;;;6021;;;;21754;;;;;;;;9177;;;;3479;;;;;;;;1104;;;;;;;;;;;;;;;;1798;;;;;;;;;;;;;;;;;;;;;;;;;;;;;;;;;;;;;;;;;;;;;;;;;;;;;;;;;;;;;;;;;;;;
262;Nürtingen;08;Christlich Demokratische Union Deutschlands;203455;;;;173192;;;;1057;;;;172135;;;;28298;;;;64951;;;;24795;;;;9105;;;;30579;;;;;;;;9264;;;;5143;;;;;;;;;;;;;;;;;;;;;;;;;;;;;;;;;;;;;;;;;;;;;;;;;;;;;;;;;;;;;;;;;;;;;;;;;;;;;;;;;;;;;;;;;;;;
263;Göppingen;08;Christlich Demokratische Union Deutschlands;174712;;;;143877;;;;1193;;;;142684;;;;24232;;;;52947;;;;13239;;;;5839;;;;32264;;;;;;;;6812;;;;4449;;;;;;;;1653;;;;;;;;;;;;;;;;1072;;;;;;;;;;;;;;;;;;;;;;;;;;;;177;;;;;;;;;;;;;;;;;;;;;;;;;;;;;;;;;;;;;;;;
264;Waiblingen;08;Christlich Demokratische Union Deutschlands;219692;;;;184918;;;;1177;;;;183741;;;;31595;;;;69225;;;;22702;;;;10519;;;;33168;;;;;;;;9726;;;;4714;;;;;;;;2092;;;;;;;;;;;;;;;;;;;;;;;;;;;;;;;;;;;;;;;;;;;;;;;;;;;;;;;;;;;;;;;;;;;;;;;;;;;;;;;;;;;;
265;Ludwigsburg;08;Christlich Demokratische Union Deutschlands;212465;;;;179881;;;;1075;;;;178806;;;;27111;;;;65326;;;;28680;;;;9149;;;;30176;;;;;;;;11154;;;;3175;;;;;;;;1467;;;;;;;;;;;;;;;;1762;;;;806;;;;;;;;;;;;;;;;;;;;;;;;;;;;;;;;;;;;;;;;;;;;;;;;;;;;;;;;;;;;;;;;
266;Neckar-Zaber;08;Christlich Demokratische Union Deutschlands;228598;;;;195890;;;;1266;;;;194624;;;;29184;;;;76390;;;;22572;;;;7695;;;;37967;;;;;;;;9925;;;;5081;;;;;;;;2043;;;;;;;;;;;;;;;;2775;;;;992;;;;;;;;;;;;;;;;;;;;;;;;;;;;;;;;;;;;;;;;;;;;;;;;;;;;;;;;;;;;;;;;
267;Heilbronn;08;Christlich Demokratische Union Deutschlands;238592;;;;194676;;;;1675;;;;193001;;;;29914;;;;67516;;;;16637;;;;9852;;;;48360;;;;;;;;11484;;;;4328;;;;;;;;1915;;;;;;;;;;;;;;;;1997;;;;;;;;;;;;;;;;;;;;;;;;;;;;314;;;;;;;;;;;;;;;;;;;;684;;;;;;;;;;;;;;;;;;;;
268;Schwäbisch Hall – Hohenlohe;08;Christlich Demokratische Union Deutschlands;224446;;;;186108;;;;1414;;;;184694;;;;27499;;;;67218;;;;18528;;;;8307;;;;44363;;;;;;;;8902;;;;4614;;;;;;;;2067;;;;1719;;;;;;;;;;;;1477;;;;;;;;;;;;;;;;;;;;;;;;;;;;;;;;;;;;;;;;;;;;;;;;;;;;;;;;;;;;;;;;;;;;
269;Backnang – Schwäbisch Gmünd;08;Christlich Demokratische Union Deutschlands;175503;;;;146415;;;;1266;;;;145149;;;;23870;;;;53064;;;;15499;;;;5844;;;;33940;;;;;;;;7486;;;;3174;;;;;;;;;;;;2041;;;;;;;;;;;;;;;;;;;;;;;;;;;;;;;;;;;;;;;;231;;;;;;;;;;;;;;;;;;;;;;;;;;;;;;;;;;;;;;;;
270;Aalen – Heidenheim;08;Christlich Demokratische Union Deutschlands;217574;;;;180563;;;;1735;;;;178828;;;;25137;;;;74010;;;;14872;;;;6425;;;;41337;;;;;;;;8987;;;;4984;;;;;;;;;;;;;;;;;;;;;;;;1878;;;;;;;;;;;;;;;;;;;;;;;;;;;;;;;;;;;;;;;;;;;;;;;;1198;;;;;;;;;;;;;;;;;;;;
271;Karlsruhe-Stadt;08;BÜNDNIS 90/DIE GRÜNEN;202812;;;;168556;;;;1126;;;;167430;;;;25553;;;;39597;;;;51306;;;;6399;;;;22986;;;;;;;;13353;;;;2015;;;;;;;;;;;;1945;;;;;;;;;;;;4021;;;;;;;;;;;;;;;;;;;;;;;;;;;;255;;;;;;;;;;;;;;;;;;;;;;;;;;;;;;;;;;;;;;;;
272;Karlsruhe-Land;08;Christlich Demokratische Union Deutschlands;207276;;;;176259;;;;1482;;;;174777;;;;26153;;;;68439;;;;22739;;;;7330;;;;32293;;;;;;;;8839;;;;4589;;;;;;;;;;;;2084;;;;;;;;;;;;2311;;;;;;;;;;;;;;;;;;;;;;;;;;;;;;;;;;;;;;;;;;;;;;;;;;;;;;;;;;;;;;;;;;;;
273;Rastatt;08;Christlich Demokratische Union Deutschlands;200964;;;;163973;;;;1516;;;;162457;;;;24569;;;;63116;;;;18274;;;;5727;;;;36075;;;;;;;;7608;;;;5411;;;;;;;;1677;;;;;;;;;;;;;;;;;;;;;;;;;;;;;;;;;;;;;;;;;;;;;;;;;;;;;;;;;;;;;;;;;;;;;;;;;;;;;;;;;;;;
274;Heidelberg;08;–;218284;;;;186493;;;;1109;;;;185384;;;;29464;;;;54060;;;;51423;;;;6767;;;;22182;;;;;;;;13225;;;;2566;;;;;;;;;;;;2271;;;;;;;;;;;;3251;;;;;;;;;;;;;;;;;;;;;;;;;;;;175;;;;;;;;;;;;;;;;;;;;;;;;;;;;;;;;;;;;;;;;
275;Mannheim;08;–;195336;;;;153146;;;;1225;;;;151921;;;;34137;;;;37566;;;;27493;;;;6391;;;;27170;;;;;;;;12117;;;;2626;;;;2759;;;;;;;;1441;;;;;;;;;;;;;;;;;;;;;;;;;;;;;;;;;;;;;;;;221;;;;;;;;;;;;;;;;;;;;;;;;;;;;;;;;;;;;;;;;
276;Odenwald – Tauber;08;Christlich Demokratische Union Deutschlands;206482;;;;171415;;;;1515;;;;169900;;;;24015;;;;72800;;;;13334;;;;5336;;;;39075;;;;;;;;7689;;;;5759;;;;;;;;1892;;;;;;;;;;;;;;;;;;;;;;;;;;;;;;;;;;;;;;;;;;;;;;;;;;;;;;;;;;;;;;;;;;;;;;;;;;;;;;;;;;;;
277;Rhein-Neckar;08;–;195510;;;;163898;;;;1419;;;;162479;;;;33082;;;;55930;;;;17909;;;;7029;;;;33086;;;;;;;;8276;;;;4754;;;;;;;;;;;;;;;;;;;;;;;;2413;;;;;;;;;;;;;;;;;;;;;;;;;;;;;;;;;;;;;;;;;;;;;;;;;;;;;;;;;;;;;;;;;;;;
278;Bruchsal – Schwetzingen;08;Christlich Demokratische Union Deutschlands;194216;;;;162421;;;;1622;;;;160799;;;;26254;;;;58113;;;;17251;;;;6699;;;;35749;;;;;;;;8294;;;;5673;;;;;;;;;;;;;;;;;;;;;;;;2766;;;;;;;;;;;;;;;;;;;;;;;;;;;;;;;;;;;;;;;;;;;;;;;;;;;;;;;;;;;;;;;;;;;;
279;Pforzheim;08;Christlich Demokratische Union Deutschlands;212982;;;;174321;;;;2289;;;;172032;;;;36222;;;;63762;;;;;;;;9382;;;;46265;;;;;;;;11023;;;;;;;;;;;;;;;;;;;;;;;;;;;;5378;;;;;;;;;;;;;;;;;;;;;;;;;;;;;;;;;;;;;;;;;;;;;;;;;;;;;;;;;;;;;;;;;;;;
280;Calw;08;Christlich Demokratische Union Deutschlands;197556;;;;163682;;;;1274;;;;162408;;;;20945;;;;63399;;;;13187;;;;6838;;;;39325;;;;;;;;6312;;;;5812;;;;2425;;;;;;;;;;;;;;;;;;;;1526;;;;;;;;;;;;;;;;;;;;2021;;;;;;;;;;;;;;;;;;;;;;;;;;;;618;;;;;;;;;;;;;;;;;;;;
281;Freiburg;08;BÜNDNIS 90/DIE GRÜNEN;228338;;;;196067;;;;1304;;;;194763;;;;30486;;;;47806;;;;63281;;;;5541;;;;20008;;;;;;;;19518;;;;2574;;;;;;;;;;;;1842;;;;;;;;;;;;3469;;;;;;;;;;;;;;;;;;;;;;;;;;;;238;;;;;;;;;;;;;;;;;;;;;;;;;;;;;;;;;;;;;;;;
282;Lörrach – Müllheim;08;–;229946;;;;187809;;;;1440;;;;186369;;;;32290;;;;61900;;;;29239;;;;5810;;;;32848;;;;;;;;11325;;;;10174;;;;;;;;;;;;;;;;;;;;;;;;2783;;;;;;;;;;;;;;;;;;;;;;;;;;;;;;;;;;;;;;;;;;;;;;;;;;;;;;;;;;;;;;;;;;;;
283;Emmendingen – Lahr;08;Christlich Demokratische Union Deutschlands;218790;;;;182311;;;;1439;;;;180872;;;;40204;;;;66984;;;;18328;;;;5695;;;;34282;;;;;;;;8504;;;;6875;;;;;;;;;;;;;;;;;;;;;;;;;;;;;;;;;;;;;;;;;;;;;;;;;;;;;;;;;;;;;;;;;;;;;;;;;;;;;;;;;;;;;;;;;;;;
284;Offenburg;08;Christlich Demokratische Union Deutschlands;204805;;;;167833;;;;1648;;;;166185;;;;21575;;;;63492;;;;20482;;;;7406;;;;34411;;;;;;;;8993;;;;7685;;;;;;;;;;;;;;;;;;;;;;;;2141;;;;;;;;;;;;;;;;;;;;;;;;;;;;;;;;;;;;;;;;;;;;;;;;;;;;;;;;;;;;;;;;;;;;
285;Rottweil – Tuttlingen;08;Christlich Demokratische Union Deutschlands;196201;;;;161387;;;;1559;;;;159828;;;;17697;;;;62245;;;;12461;;;;8719;;;;44002;;;;;;;;7147;;;;4794;;;;;;;;;;;;;;;;;;;;;;;;2763;;;;;;;;;;;;;;;;;;;;;;;;;;;;;;;;;;;;;;;;;;;;;;;;;;;;;;;;;;;;;;;;;;;;
286;Schwarzwald-Baar;08;Christlich Demokratische Union Deutschlands;160376;;;;131135;;;;1057;;;;130078;;;;19396;;;;55044;;;;9979;;;;4524;;;;29143;;;;;;;;5295;;;;2933;;;;;;;;;;;;;;;;;;;;;;;;1500;;;;;;;;;;;;;;;;;;;;;;;;;;;;;;;;;;;;;;;;;;;;;;;;;;;;;;;;;;;;;;;;2264;;;;
287;Konstanz;08;Christlich Demokratische Union Deutschlands;207094;;;;170740;;;;1166;;;;169574;;;;26451;;;;63922;;;;25390;;;;7363;;;;29587;;;;;;;;9987;;;;3341;;;;;;;;;;;;;;;;;;;;;;;;2911;;;;;;;;;;;;;;;;;;;;;;;;;;;;;;;;;;;;;;;;;;;;;;;;;;;;;;;;;;;;;;;;622;;;;
288;Waldshut;08;Christlich Demokratische Union Deutschlands;176262;;;;145383;;;;978;;;;144405;;;;26958;;;;54467;;;;16809;;;;5169;;;;26710;;;;;;;;6839;;;;4321;;;;;;;;1372;;;;;;;;;;;;;;;;1760;;;;;;;;;;;;;;;;;;;;;;;;;;;;;;;;;;;;;;;;;;;;;;;;;;;;;;;;;;;;;;;;;;;;
289;Reutlingen;08;Christlich Demokratische Union Deutschlands;197827;;;;165466;;;;1264;;;;164202;;;;22440;;;;63189;;;;20868;;;;9115;;;;32479;;;;;;;;9118;;;;4649;;;;;;;;;;;;2054;;;;;;;;;;;;;;;;;;;;;;;;;;;;;;;;;;;;;;;;290;;;;;;;;;;;;;;;;;;;;;;;;;;;;;;;;;;;;;;;;
290;Tübingen;08;–;199799;;;;172184;;;;1167;;;;171017;;;;22149;;;;54252;;;;42176;;;;6242;;;;26760;;;;;;;;10521;;;;3862;;;;;;;;;;;;1667;;;;;;;;;;;;1805;;;;;;;;;;;;;;;;;;;;;;;;;;;;;;;;;;;;;;;;;;;;;;;;;;;;;;;;;;;;;;;;1583;;;;
291;Ulm;08;Christlich Demokratische Union Deutschlands;223539;;;;190020;;;;1240;;;;188780;;;;25220;;;;73225;;;;29344;;;;6700;;;;34990;;;;;;;;9375;;;;3800;;;;2963;;;;;;;;;;;;;;;;;;;;1718;;;;;;;;;;;;;;;;;;;;;;;;;;;;218;;;;;;;;;;;;;;;;;;;;1227;;;;;;;;;;;;;;;;;;;;
292;Biberach;08;Christlich Demokratische Union Deutschlands;169789;;;;144530;;;;1018;;;;143512;;;;18225;;;;58651;;;;14819;;;;5555;;;;32077;;;;;;;;5447;;;;4638;;;;2401;;;;;;;;;;;;;;;;;;;;1699;;;;;;;;;;;;;;;;;;;;;;;;;;;;;;;;;;;;;;;;;;;;;;;;;;;;;;;;;;;;;;;;;;;;
293;Bodensee;08;Christlich Demokratische Union Deutschlands;173329;;;;145115;;;;1088;;;;144027;;;;21966;;;;57658;;;;18269;;;;4628;;;;29318;;;;;;;;6090;;;;3535;;;;;;;;;;;;;;;;;;;;;;;;2332;;;;;;;;;;;;;;;;;;;;;;;;;;;;231;;;;;;;;;;;;;;;;;;;;;;;;;;;;;;;;;;;;;;;;
294;Ravensburg;08;Christlich Demokratische Union Deutschlands;188225;;;;157982;;;;1206;;;;156776;;;;17209;;;;60702;;;;23871;;;;8948;;;;29159;;;;;;;;9810;;;;4667;;;;;;;;;;;;;;;;;;;;;;;;2410;;;;;;;;;;;;;;;;;;;;;;;;;;;;;;;;;;;;;;;;;;;;;;;;;;;;;;;;;;;;;;;;;;;;
295;Zollernalb – Sigmaringen;08;Christlich Demokratische Union Deutschlands;180742;;;;148788;;;;1599;;;;147189;;;;28895;;;;54656;;;;7838;;;;6171;;;;38498;;;;;;;;5862;;;;3858;;;;;;;;;;;;;;;;;;;;;;;;;;;;;;;;;;;;;;;;;;;;;;;;;;;;317;;;;;;;;;;;;;;;;;;;;1094;;;;;;;;;;;;;;;;;;;;
08;Baden-Württemberg;99;;7653811;;;;6382446;;;;49732;;;;6332714;;;;1002327;;;;2280707;;;;887608;;;;271794;;;;1231221;;;;;;;;360037;;;;163869;;;;10548;;;;17282;;;;20293;;;;;;;;;;;;69168;;;;1798;;;;;;;;;;;;;;;;2021;;;;;;;;3574;;;;;;;;;;;;;;;;;;;;4821;;;;;;;;;;;;;;;;5646;;;;
;;;;;;;;;;;;;;;;;;;;;;;;;;;;;;;;;;;;;;;;;;;;;;;;;;;;;;;;;;;;;;;;;;;;;;;;;;;;;;;;;;;;;;;;;;;;;;;;;;;;;;;;;;;;;;;;;;;;;;;;;;;;;;;;;;;;;;;;;;;;
296;Saarbrücken;10;Sozialdemokratische Partei Deutschlands;187345;;;;149368;;;;1852;;;;147516;;;;47772;;;;36514;;;;10931;;;;5305;;;;30422;;;;;;;;12484;;;;3532;;;;;;;;;;;;;;;;;;;;;;;;;;;;;;;;;;;;;;;;;;;;;;;;;;;;556;;;;;;;;;;;;;;;;;;;;;;;;;;;;;;;;;;;;;;;;
297;Saarlouis;10;Christlich Demokratische Union Deutschlands;198307;;;;164765;;;;2373;;;;162392;;;;46008;;;;51704;;;;7726;;;;5260;;;;35621;;;;;;;;10903;;;;5170;;;;;;;;;;;;;;;;;;;;;;;;;;;;;;;;;;;;;;;;;;;;;;;;;;;;;;;;;;;;;;;;;;;;;;;;;;;;;;;;;;;;;;;;;;;;
298;St. Wendel;10;Christlich Demokratische Union Deutschlands;168073;;;;143181;;;;1858;;;;141323;;;;40408;;;;47875;;;;5342;;;;5361;;;;29038;;;;;;;;8133;;;;5166;;;;;;;;;;;;;;;;;;;;;;;;;;;;;;;;;;;;;;;;;;;;;;;;;;;;;;;;;;;;;;;;;;;;;;;;;;;;;;;;;;;;;;;;;;;;
299;Homburg;10;Sozialdemokratische Partei Deutschlands;180479;;;;147979;;;;1968;;;;146011;;;;44557;;;;40910;;;;6478;;;;4685;;;;34096;;;;;;;;9695;;;;5590;;;;;;;;;;;;;;;;;;;;;;;;;;;;;;;;;;;;;;;;;;;;;;;;;;;;;;;;;;;;;;;;;;;;;;;;;;;;;;;;;;;;;;;;;;;;
10;Saarland;99;;734204;;;;605293;;;;8051;;;;597242;;;;178745;;;;177003;;;;30477;;;;20611;;;;129177;;;;;;;;41215;;;;19458;;;;;;;;;;;;;;;;;;;;;;;;;;;;;;;;;;;;;;;;;;;;;;;;;;;;556;;;;;;;;;;;;;;;;;;;;;;;;;;;;;;;;;;;;;;;;
;;;;;;;;;;;;;;;;;;;;;;;;;;;;;;;;;;;;;;;;;;;;;;;;;;;;;;;;;;;;;;;;;;;;;;;;;;;;;;;;;;;;;;;;;;;;;;;;;;;;;;;;;;;;;;;;;;;;;;;;;;;;;;;;;;;;;;;;;;;;
99;Bundesgebiet;;;60510631;;;;49928653;;;;423264;;;;49505389;;;;9936433;;;;12604184;;;;5443393;;;;1622912;;;;10177318;;;;3272064;;;;3933297;;;;1254565;;;;82498;;;;41923;;;;122268;;;;9783;;;;2151;;;;391666;;;;54606;;;;58779;;;;;;;;1871;;;;2021;;;;5763;;;;24218;;;;;;;;1282;;;;73;;;;1295;;;;87955;;;;299401;;;;658;;;;2849;;;;70163;;;;
